zip_code,num_restaurants,num_reviews,num_reviews_per_restaurant,avg_total_reviews,avg_restaurant_rating,most_common_cat,num_most_common_cat,2nd_most_common_cat,num_2nd_most_common_cat,3rd_most_common_cat,num_3rd_most_common_cat,avg price per res. real estate sale (NYCData),avg price per res. real estate sale [improved] (NYCData),Mean income,Percentage Employed,Total Population,Total 16 to 19 years,Total 20 to 24 years,Total 25 to 44 years,Total 45 to 54 years,Total 55 to 64 years,Total 65 to 74 years,Total 75 years and over,Total Male,Total Female,Total High school graduate,Total Less than high school graduate,Total Some college or associate's degree,Total Bachelor's degree or higher,Average inspection violations,pop_per_restaurant,num_reviews_per_capita,pop_peravg_bizreview,dollarsPerViolation,percent_most_common,percent_with_bachelor_plus,Neighborhood,Borough,Zillow Home Value Index (USD),Median Single Family Home Value (USD),Percent Homes Decreasing(%),Percent Listing Price Reduction(%),Median List Price Per Sq Ft(USD),Median List Price (USD),Median Sale Price (USD),Property Tax (USD),Turnover (Sold Within Last Yr.) (%),Median Value Per Sq Ft (USD),1-Yr. Change (USD),BuiltYear<1900 (%),BuiltYear>2000 (%),BuiltYear1900-1919 (%),BuiltYear1920-1939 (%),BuiltYear1940-1959 (%),BuiltYear1960-1979 (%),BuiltYear1980-1999 (%),HomeSize<1000sqft (%),HomeSize>3600sqft (%),HomeSize1000-1400sqft (%),HomeSize1400-1800sqft (%),HomeSize1800-2400sqft (%),HomeSize2400-3600sqft (%),average_year_built_per_zip,average_home_size_per_zip,sale_price_vs_year_built,list_price_vs_sale_price,homesize_val_per_sqft_vs_list_price,zillow_index_vs_median_list_price,median_list_sqft_vs_median_val_sqft
10001,79,17670,223.7,3.8,3.9,American (New),12,Korean,10,Pizza,7,4314802,2323693,152094,65.9,19026,1145,2677,7904,2427,2448,1200,1225,7992,7464,901,777,2068,9033,11.1,241,0.93,85,13754,15%,47%,Chelsea,Manhattan,2190100,0,0.1,0.076,1607,1925000,825800,14137,0.1,1688,0.223,0,0,0,0,0,0,0,0,0,0,0,0,0, 	0.0, 0.0, 0.0, 0.42898701298701297, 0.0, 1.1377142857142857, 0.9520142180094787
10002,125,40372,323,4,4,Chinese,23,American (New),17,Sandwiches,11,1117262,873855,72271,50.3,69363,3081,5838,25757,10642,9872,6640,7533,25400,26709,9111,13772,7575,15813,12.6,555,0.58,215,5744,18%,23%,Lower East Side,Manhattan,889600,0,0.212,0.091,1288,699000,591800,5345,0.072,1037,0.094,0,0,0,0,0,0,0,0,0,0,0,0,0, 	0.0, 0.0, 0.0, 0.8466380543633762, 0.0, 1.2726752503576537, 1.2420443587270973
10003,238,92605,389.1,3.8,3.9,American (New),34,Japanese,32,Italian,28,1679405,2267822,145853,63.6,53652,6006,6925,23526,5854,5291,3333,2717,20382,21214,2273,1209,3645,27544,11.9,225,1.73,138,12272,14%,51%,Lower East Side,Manhattan,1425400,0,0.17,0.183,1619,1350000,873000,10245,0.091,1647,0.053,0,0,0,0,0,0,0,0,0,0,0,0,0, 	0.0, 0.0, 0.0, 0.6466666666666666, 0.0, 1.0558518518518518, 0.9829993928354585
10004,75,6801,90.7,3.6,3.6,American (Traditional),12,Sandwiches,12,Bars,7,2199455,1648195,225025,81.1,2398,60,173,1371,364,344,70,16,1289,963,130,34,302,1613,11,32,2.84,26,20442,16%,67%,Lower Manhattan,Manhattan,1544100,0,0.068,0.185,1457,1450000,1565000,5685,0.082,1436,0.134,0,0.6061588331,0,0.2495948136,0,0,0.1361426256,0.4140866873,0.0154798762,0.2592879257,0.1950464396,0.076625387,0.0286377709, 	1964.9594813919998, 1253.94736852, 796.4540820410892, 1.0793103448275863, 1.2418402904791173, 1.064896551724138, 1.0146239554317549
10005,36,1949,54.1,3.4,3.5,Food Stands,7,Sandwiches,6,American (New),4,1785598,1355145,173731,80.5,5352,41,909,3931,319,126,26,0,2697,2588,37,121,454,3764,10.8,149,0.36,99,16019,19%,70%,Lower Manhattan,Manhattan,1179800,0,0.125,0.142,1295,1150000,1085000,8409,0.11,1273,0.197,0.016064257,0.0535475234,0.2704149933,0.2603748327,0.0816599732,0,0.3179384203,0,0,0,0,0,0, 	1948.406960981, 0.0, 556.8651835721811, 0.9434782608695652, 0.0, 1.0259130434782608, 1.0172820109976433
10006,45,2236,49.7,3.3,3.4,Delis,9,American (Traditional),5,Chinese,5,1377993,1314303,154370,83.8,2483,0,332,1815,187,113,36,0,1136,1311,120,23,263,1709,12.4,55,0.9,50,12488,20%,69%,Lower Manhattan,Manhattan,0,0,0,0.239,1266,1785000,665000,2620,0.193,1918,0,0,0,0,0,0,0,0,0,0,0,0,0,0, 	0.0, 0.0, 0.0, 0.37254901960784315, 0.0, 0.0, 0.6600625651720542
10007,46,3680,80,3.6,3.6,American (New),9,American (Traditional),6,Sandwiches,5,2395286,2390066,378782,67.2,5186,152,280,3394,714,464,100,82,2743,2109,247,310,442,3573,11.4,113,0.71,65,33208,20%,69%,Lower Manhattan,Manhattan,2551100,0,0.136,0.085,1725,4725000,2240000,10800,0.066,2648,0.183,0,0,0,0,0,0,0,0,0,0,0,0,0, 	0.0, 0.0, 0.0, 0.4740740740740741, 0.0, 0.5399153439153439, 0.6514350453172205
10009,110,31346,285,4,4.1,American (New),18,Breakfast & Brunch,12,Italian,12,1937335,812723,99830,60.3,56612,1924,7291,22661,8783,7593,4941,3419,22120,24208,4909,4465,5020,24643,12.2,515,0.55,199,8160,16%,44%,Lower East Side,Manhattan,1064700,0,0.193,0.193,1345,785000,500000,5389,0.06,1197,0.067,0,0,0,0,0,0,0,0,0,0,0,0,0, 	0.0, 0.0, 0.0, 0.6369426751592356, 0.0, 1.3563057324840764, 1.123642439431913
10010,83,22427,270.2,3.7,3.8,American (New),13,Italian,10,Sandwiches,8,2077753,2164898,168117,64.5,27019,1082,3360,12913,2949,3008,1946,1761,10440,11790,1133,420,2117,15200,11.8,326,0.83,100,14194,16%,56%,Gramercy Park and Murray Hill,Manhattan,0,0,0,0.174,1699,1200000,830700,12248,0.097,1665,0,0,0,0,0,0,0,0,0,0,0,0,0,0, 	0.0, 0.0, 0.0, 0.69225, 0.0, 0.0, 1.0204204204204204
10011,122,38954,319.3,3.9,3.8,American (New),25,Italian,15,Breakfast & Brunch,14,2286197,2542086,194053,70.7,47020,1484,2415,22476,7731,6598,3768,2548,20469,18751,2012,1387,4585,28821,11.6,385,0.83,147,16679,20%,61%,Chelsea,Manhattan,0,0,0,0.134,0,2695000,926300,8984,0.085,2298,0,0,0,0,0,0,0,0,0,0,0,0,0,0, 	0.0, 0.0, 0.0, 0.34371057513914655, 0.0, 0.0, 0.0
10012,170,57065,335.7,3.9,3.9,American (New),28,Italian,26,French,15,2930141,3269783,130260,70.4,22589,696,2455,10956,2604,2714,1715,1449,9812,8917,929,869,1357,13119,11.4,133,2.53,67,11471,16%,58%,Greenwich Village and Soho,Manhattan,0,0,0,0.137,0,3250000,1437800,10802,0.072,2347,0,0,0,0,0,0,0,0,0,0,0,0,0,0, 	0.0, 0.0, 0.0, 0.4424, 0.0, 0.0, 0.0
10013,121,32999,272.7,3.9,3.9,American (New),27,Chinese,21,Italian,18,3376279,3040994,197372,60.1,22693,919,3282,8838,2855,3501,1824,1474,8975,9501,2275,2242,1523,9154,12.9,188,1.45,83,15288,22%,40%,Greenwich Village and Soho,Manhattan,3079000,0,0.19,0.068,0,4775000,2630000,13016,0.059,2446,0.195,0,0,0,0,0,0,0,0,0,0,0,0,0, 	0.0, 0.0, 0.0, 0.5507853403141362, 0.0, 0.6448167539267016, 0.0
10014,154,47505,308.5,3.9,3.9,American (New),42,Italian,27,Bars,16,2914956,3342461,169443,74.1,28620,558,1977,14677,3801,3755,2372,1480,11389,12821,811,187,2151,19084,11.7,186,1.66,93,14462,27%,67%,Greenwich Village and Soho,Manhattan,0,0,0,0.184,0,2150000,964000,10213,0.066,2330,0,0,0,0,0,0,0,0,0,0,0,0,0,0, 	0.0, 0.0, 0.0, 0.4483720930232558, 0.0, 0.0, 0.0
10016,104,24984,240.2,3.8,3.9,American (New),15,Sandwiches,12,Breakfast & Brunch,9,1797734,1439636,164224,72.8,48552,1157,6693,24292,5761,4650,3532,2467,19090,22306,1438,674,3252,29339,12.1,467,0.51,202,13556,14%,60%,Gramercy Park and Murray Hill,Manhattan,0,0,0,0.189,0,899000,643000,8969,0.078,1436,0,0,0,0,0,0,0,0,0,0,0,0,0,0, 	0.0, 0.0, 0.0, 0.7152391546162402, 0.0, 0.0, 0.0
10017,119,18085,152,3.8,3.7,Italian,18,Japanese,17,American (New),16,1716265,2337306,166578,78.2,15217,27,1637,7705,1946,1578,1399,925,6102,6764,515,183,1065,9466,12.1,128,1.19,100,13801,15%,62%,Gramercy Park and Murray Hill,Manhattan,0,0,0,0.204,0,720000,537100,9994,0.073,1346,0,0,0,0,0,0,0,0,0,0,0,0,0,0, 	0.0, 0.0, 0.0, 0.7459722222222223, 0.0, 0.0, 0.0
10018,50,10196,203.9,3.8,3.8,Italian,8,American (New),7,Japanese,6,3944114,3584563,128736,72.2,5760,129,856,3310,635,503,249,78,3015,2289,479,496,523,2950,12,115,1.77,28,10743,16%,51%,Chelsea,Manhattan,0,0,0,0.106,0,1125000,660300,5188,0.084,2500,0,0,0,0,0,0,0,0,0,0,0,0,0,0, 	0.0, 0.0, 0.0, 0.5869333333333333, 0.0, 0.0, 0.0
10019,178,59730,335.6,3.9,3.9,American (New),30,Italian,25,American (Traditional),19,688168,512101,142527,69.9,37419,458,2932,18956,5362,4514,2718,2479,15685,16079,2387,1315,3664,21466,11.2,210,1.6,111,12717,17%,57%,Chelsea,Manhattan,0,0,0,0.136,0,1795000,640200,9195,0.074,1833,0,0,0,0,0,0,0,0,0,0,0,0,0,0, 	0.0, 0.0, 0.0, 0.3566573816155989, 0.0, 0.0, 0.0
10020,10,2490,249,4.1,3.8,Steakhouses,5,American (Traditional),2,Burgers,1,700000000,700000000,-0,-0,0,0,0,0,0,0,0,0,0,0,0,0,0,0,9.8,?,?,?,?,50%,?,Chelsea,Manhattan,0,0,0,0,0,7750000,0,0,0,800,0,0,0,0,0,0,0,0,0,0,0,0,0,0, 	0.0, 0.0, 0.0, 0.0, 0.0, 0.0, 0.0
10021,79,12334,156.1,3.8,3.7,Italian,14,American (New),9,French,7,2193965,2356529,187485,65.8,36953,633,1580,15588,4920,5459,4541,4232,11868,15679,1158,511,2034,22264,11.7,468,0.33,237,15982,18%,60%,Upper East Side,Manhattan,0,0,0,0.178,0,1545000,918500,12660,0.073,1538,0,0,0,0,0,0,0,0,0,0,0,0,0,0, 	0.0, 0.0, 0.0, 0.5944983818770226, 0.0, 0.0, 0.0
10022,103,21267,206.5,3.7,3.8,Italian,13,American (New),12,French,10,1566553,2067354,192809,66.9,26981,358,1728,9863,3878,4321,3391,3442,9058,10732,880,178,1754,15250,11.4,262,0.79,131,16845,13%,57%,Gramercy Park and Murray Hill,Manhattan,0,0,0,0.181,0,1625000,743100,10389,0.079,1386,0,0,0,0,0,0,0,0,0,0,0,0,0,0, 	0.0, 0.0, 0.0, 0.45729230769230766, 0.0, 0.0, 0.0
10023,116,17283,149,3.6,3.5,Italian,18,American (New),14,French,10,1860030,2457433,185262,65.2,52569,1588,2731,21262,7627,8241,5100,6020,19286,20575,1988,923,3424,30795,11.4,453,0.33,353,16208,16%,59%,Upper West Side,Manhattan,0,0,0,0.22,0,1150000,985200,11390,0.065,1680,0,0,0,0,0,0,0,0,0,0,0,0,0,0, 	0.0, 0.0, 0.0, 0.8566956521739131, 0.0, 0.0, 0.0
10024,103,25329,245.9,3.7,3.6,American (Traditional),17,Italian,17,Breakfast & Brunch,12,2284032,2158215,198029,68.7,49991,1055,2359,20399,8702,7518,5904,4054,18150,20828,2479,1021,3486,29633,11.7,485,0.51,203,16971,17%,59%,Upper West Side,Manhattan,0,0,0,0.144,0,1550000,1102200,11794,0.074,1464,0,0,0,0,0,0,0,0,0,0,0,0,0,0, 	0.0, 0.0, 0.0, 0.7110967741935484, 0.0, 0.0, 0.0
10025,129,15552,120.6,3.5,3.6,Italian,15,Pizza,13,Mexican,12,1669811,1450582,130124,58.8,84176,4115,8701,31761,12897,12250,7305,7147,29826,35783,4597,3454,7326,41531,12.4,653,0.18,698,10458,12%,49%,Upper West Side,Manhattan,1037900,0,0.171,0.181,1191,925000,831000,5135,0.061,1201,0.115,0,0,0,0,0,0,0,0,0,0,0,0,0, 	0.0, 0.0, 0.0, 0.8983783783783784, 0.0, 1.122054054054054, 0.9916736053288926
10026,57,5770,101.2,3.6,3.6,American (New),7,American (Traditional),6,African,4,1196620,641533,79862,56.4,29601,1669,3310,12923,5141,3527,1752,1279,11309,13592,4367,3228,4472,9524,12.1,519,0.19,293,6607,12%,32%,Central Harlem,Manhattan,0,0,0,0.08,850,1125000,773800,540,0.07,1101,0,0,0,0,0,0,0,0,0,0,0,0,0,0, 	0.0, 0.0, 0.0, 0.6878222222222222, 0.0, 0.0, 0.7720254314259763
10027,77,10025,130.2,3.6,3.7,American (Traditional),9,American (New),8,Soul Food,7,1068777,506134,76443,48.8,51764,5844,7208,20125,7287,5666,2904,2730,18300,21986,6506,5206,6449,14917,11.8,672,0.19,398,6485,12%,29%,Central Harlem,Manhattan,921300,0,0.125,0.138,0,585000,421000,484,0.08,802,0.186,0,0,0,0,0,0,0,0,0,0,0,0,0, 	0.0, 0.0, 0.0, 0.7196581196581197, 0.0, 1.574871794871795, 0.0
10028,85,10292,121.1,3.9,3.8,Italian,19,American (New),11,Mexican,7,1992760,2029671,188661,70.9,39395,652,2911,16405,5802,5551,4376,3698,13472,17197,1227,353,2503,23675,11.4,463,0.26,325,16579,22%,60%,Upper East Side,Manhattan,0,0,0,0.231,0,1595000,913300,11592,0.08,1245,0,0,0,0,0,0,0,0,0,0,0,0,0,0, 	0.0, 0.0, 0.0, 0.572601880877743, 0.0, 0.0, 0.0
10029,75,5080,67.7,3.8,3.8,Latin American,12,Mexican,12,Pizza,8,1804886,1024754,68048,51,63413,5026,7214,24399,9603,7989,4416,4766,22923,26282,10396,10740,8046,12809,12.4,846,0.08,937,5494,16%,20%,East Harlem,Manhattan,726600,0,0.119,0.214,916,838000,670000,4012,0.088,909,0.131,0.2125154895,0.1957868649,0.3079306072,0.2118959108,0.021685254,0.0167286245,0.0334572491,0,0,0,0,0,0, 	1932.156133825, 0.0, 346.76286676358393, 0.7995226730310262, 0.0, 0.8670644391408114, 1.0077007700770078
10030,38,922,24.3,3.6,3.4,Cafes,5,Caribbean,4,Seafood,4,1180305,352459,60933,51.2,23660,1859,2375,9695,4057,2908,1776,990,9019,10016,4197,3490,4048,4925,11.6,623,0.04,974,5263,13%,21%,Central Harlem,Manhattan,576000,0,0.378,0.158,0,585000,465000,678,0.065,599,0.002,0.0782414307,0.1713859911,0.4605067064,0.2667660209,0,0.0111773472,0,0,0,0,0,0,0, 	1907.093889768, 0.0, 243.8264851535798, 0.7948717948717948, 0.0, 0.9846153846153847, 0.0
10031,64,2416,37.8,3.7,3.8,Mexican,8,Latin American,7,American (New),5,1781877,375385,63223,57.8,48782,3272,5725,20887,7335,5166,3892,2505,18729,20384,6696,8050,8112,10530,12.1,762,0.05,1291,5222,13%,22%,Inwood and Washington Heights,Manhattan,619500,0,0.13,0.132,644,499000,375000,2923,0.085,624,0.14,0.1477457903,0.0543183053,0.4057577404,0.3758826725,0.0119500272,0,0,0,0,0,0,0,0, 	1911.6295493960001, 0.0, 196.16771466965724, 0.751503006012024, 0.0, 1.2414829659318638, 1.0320512820512822
10032,72,2183,30.3,3.5,3.6,Latin American,13,Mexican,9,Pizza,8,2150851,283745,54620,52.5,51978,3314,6468,20414,7638,6715,4145,3284,21233,20002,6489,11376,7908,8994,12,722,0.04,1715,4567,18%,17%,Inwood and Washington Heights,Manhattan,0,0,0,0.045,0,499900,499000,2265,0.074,673,0,0,0,0,0,0,0,0,0,0,0,0,0,0, 	0.0, 0.0, 0.0, 0.9981996399279855, 0.0, 0.0, 0.0
10033,45,2746,61,3.6,3.7,Latin American,9,Chinese,5,Spanish,5,1214812,261790,69739,56.9,48284,3032,5837,18479,7673,6549,3348,3366,19540,18998,6373,8043,7067,11218,12.3,1073,0.06,792,5659,20%,23%,Inwood and Washington Heights,Manhattan,0,0,0,0.141,0,465000,439300,3704,0.101,520,0,0,0,0,0,0,0,0,0,0,0,0,0,0, 	0.0, 0.0, 0.0, 0.9447311827956989, 0.0, 0.0, 0.0
10034,77,3014,39.1,3.4,3.4,Latin American,14,Mexican,8,Pizza,7,747787,166167,61341,61,33777,2056,3108,13382,6515,4663,2615,1438,14286,13382,4323,6300,5268,8669,13,439,0.09,864,4714,18%,26%,Inwood and Washington Heights,Manhattan,0,0,0,0.155,0,320000,315000,2541,0.114,424,0,0,0,0,0,0,0,0,0,0,0,0,0,0, 	0.0, 0.0, 0.0, 0.984375, 0.0, 0.0, 0.0
10035,35,1253,35.8,4,4,Pizza,5,Italian,4,Caribbean,3,824596,600359,62079,43.5,27638,1855,3277,10781,4267,3403,2138,1917,10864,10864,4530,5687,3500,4734,12.1,790,0.05,772,5132,14%,17%,East Harlem,Manhattan,0,0,0,0.164,0,600000,0,200,0.095,667,0,0.2893823734,0.3990284525,0.2095766829,0.0680083276,0.0076335878,0.0138792505,0.0124913255,0,0,0,0,0,0, 	1943.622484773, 0.0, 0.0, 0.0, 0.0, 0.0, 0.0
10036,127,35931,282.9,3.8,3.8,American (New),24,Italian,20,American (Traditional),16,3677536,3185004,114944,69.9,21230,325,2222,10166,3495,2865,1355,802,10823,7925,1625,717,2673,11511,11.5,167,1.69,75,9967,19%,54%,Chelsea,Manhattan,1150000,0,0.074,0.206,1540,1349900,894400,5214,0.073,1558,0.164,0.021167634,0.6722430864,0.0679412769,0.0928644589,0,0.0191191533,0.1235916695,0,0,0,0,0,0, 	1977.1013999219997, 0.0, 452.3794278003575, 0.6625675975998222, 0.0, 0.8519149566634565, 0.9884467265725289
10037,19,410,21.6,3.6,3.9,Chinese,3,Cafes,2,Restaurants,2,1249555,324741,62147,49.5,14741,1090,1513,4709,2380,2017,1568,1464,4390,6229,1363,1021,3077,3645,13.1,776,0.03,682,4761,16%,25%,Central Harlem,Manhattan,0,0,0,0.075,0,278100,425900,6335,0.071,653,0,0,0,0,0,0,0,0,0,0,0,0,0,0, 	0.0, 0.0, 0.0, 1.5314635023372887, 0.0, 0.0, 0.0
10038,87,8244,94.8,3.6,3.6,Sandwiches,12,American (New),10,Italian,10,2625922,1383398,145260,60.2,18105,1070,2912,7222,2433,1705,1197,1566,6812,7460,1150,1461,1505,7244,11.3,208,0.46,191,12905,14%,40%,Lower Manhattan,Manhattan,0,0,0,0.228,1255,1100000,905000,8351,0.082,1102,0,0,0,0,0,0,0,0,0,0,0,0,0,0, 	0.0, 0.0, 0.0, 0.8227272727272728, 0.0, 0.0, 1.1388384754990926
10039,29,299,10.3,3.7,3.3,Burgers,4,Chinese,4,Delis,4,1528443,663255,53530,50.8,19853,1415,2584,7555,3557,2095,1447,1200,7242,8549,3029,2631,3689,3858,12.1,685,0.02,1927,4406,14%,19%,Central Harlem,Manhattan,0,0,0,0.045,0,387500,481500,151,0.038,649,0,0,0,0,0,0,0,0,0,0,0,0,0,0, 	0.0, 0.0, 0.0, 1.2425806451612904, 0.0, 0.0, 0.0
10040,51,1359,26.6,3.6,3.4,Latin American,11,Mexican,6,Caribbean,5,1060922,209636,60952,56.5,36338,2265,3723,13205,5909,5220,3090,2926,12794,15263,4330,5929,5147,8928,11.2,713,0.04,1366,5459,22%,25%,Inwood and Washington Heights,Manhattan,0,0,0,0.187,0,389000,327300,6178,0.112,460,0,0,0,0,0,0,0,0,0,0,0,0,0,0, 	0.0, 0.0, 0.0, 0.841388174807198, 0.0, 0.0, 0.0
10044,3,192,64,3.4,3.3,American (Traditional),2,Sushi Bars,1,Bars,1,940389,791675,111246,51.9,10584,513,1057,4048,1504,1418,1039,1005,3992,4035,903,698,1075,4294,11.2,3528,0.02,165,9916,67%,41%,Upper East Side,Manhattan,0,0,0,0.438,0,745000,47445200,1989,0.041,961,0,0,0.9948275862,0,0,0,0,0,0.6546112116,0,0.287522604,0.0524412297,0,0, 	1989.6551724, 1083.5443039200002, 23845.941074688704, 63.6848322147651, 1.3976994309625774, 0.0, 0.0
10065,59,6396,108.4,3.7,3.5,French,11,Italian,10,American (New),5,2556196,2798095,195705,67.3,29193,388,1819,13267,3643,3292,3978,2806,9725,12296,1328,235,1838,16801,11.9,495,0.22,269,16423,19%,58%,Upper East Side,Manhattan,0,0,0,0.221,0,1950000,887800,12913,0.079,1871,0,0,0,0,0,0,0,0,0,0,0,0,0,0, 	0.0, 0.0, 0.0, 0.4552820512820513, 0.0, 0.0, 0.0
10069,5,315,63,3.7,3.5,Cafes,2,Japanese,1,American (New),1,2644724,2028143,250323,75.2,4367,8,37,2959,528,451,242,142,1907,2068,6,12,206,3714,14.3,873,0.07,69,17567,40%,85%,Upper West Side,Manhattan,0,0,0,0.182,0,3120000,1650000,7403,0.07,1814,0,0,0,0,0,0,0,0,0.3711956522,0.010326087,0.2684782609,0.172826087,0.1206521739,0.0559782609, 	0.0, 1260.43478287, 0.0, 0.5288461538461539, 0.7328297102968525, 0.0, 0.0
10075,51,7321,143.5,3.7,3.6,Italian,11,American (New),6,Sushi Bars,5,1822330,2566607,178669,67.1,21498,200,1182,9053,2264,3817,3017,1965,6386,9930,506,203,1520,12905,11.4,422,0.34,150,15624,22%,60%,Upper East Side,Manhattan,0,0,0,0.252,1409,999000,642000,11188,0.083,1347,0,0,0,0,0,0,0,0,0,0,0,0,0,0, 	0.0, 0.0, 0.0, 0.6426426426426426, 0.0, 0.0, 1.0460282108389012
10111,3,175,58.3,3.5,3.5,Brasseries,1,Restaurants,1,French,1,?,?,-0,-0,0,0,0,0,0,0,0,0,0,0,0,0,0,0,13.2,?,?,?,?,33%,?,Chelsea,Manhattan,0,0,0,0.252,0,0,0,0,0.04,0,0,0,0,0,0,0,0,0,0,0,0,0,0,0, 	0.0, 0.0, 0.0, 0.0, 0.0, 0.0, 0.0
10128,82,10521,128.3,3.7,3.8,Italian,11,Breakfast & Brunch,10,American (New),10,1887680,1781967,168459,67.7,51804,1213,3363,23314,7905,6875,4880,4254,17962,23495,1553,778,3915,31848,12.1,632,0.2,404,13890,13%,61%,Upper East Side,Manhattan,0,0,0,0.243,0,1199000,849800,11672,0.067,1140,0,0,0,0,0,0,0,0,0,0,0,0,0,0, 	0.0, 0.0, 0.0, 0.7087572977481235, 0.0, 0.0, 0.0
10280,5,482,96.4,3.2,3.3,American (Traditional),2,Tex-Mex,1,Mediterranean,1,1159348,1159348,168310,78.1,6328,125,356,3164,1381,855,316,131,2619,3137,112,64,779,4445,10.7,1266,0.08,66,15690,40%,70%,Lower Manhattan,Manhattan,725200,0,0.16,0.286,1046,699000,628000,13280,0.045,1030,0.207,0,0,0,0,0,0,0,0.8359326263,0,0.1316281971,0.0208983157,0.0084217093,0.0084217093, 	0.0, 1045.00935747, 0.0, 0.8984263233190272, 1.5398564208785408, 1.0374821173104436, 1.0155339805825243
10281,16,696,43.5,3.2,3.6,American (Traditional),3,Mexican,2,Sushi Bars,1,?,?,0,0,0,0,0,0,0,0,0,0,0,0,0,0,0,0,9.5,?,?,?,?,19%,?,Lower Manhattan,Manhattan,0,0,0,0,0,0,0,0,0,0,0,0,0,0,0,0,0,0,0,0,0,0,0,0, 	0.0, 0.0, 0.0, 0.0, 0.0, 0.0, 0.0
10282,12,1276,106.3,3.7,3.5,Breakfast & Brunch,2,Singaporean,1,Barbeque,1,2498982,2498982,333950,74.4,3834,47,92,2689,466,141,111,288,1611,1777,42,53,340,2861,7.8,320,0.33,36,42725,17%,75%,Lower Manhattan,Manhattan,0,0,0,0.091,0,2650000,1868300,0,0.109,1855,0,0,0,0,0,0,0,0,0,0,0,0,0,0, 	0.0, 0.0, 0.0, 0.7050188679245283, 0.0, 0.0, 0.0
10301,51,1187,23.3,3.8,3.7,Pizza,11,Mexican,7,Italian,6,367625,326209,79845,52.7,31087,2746,3658,10342,5360,4438,2291,2252,11902,11896,5083,2734,5211,7112,11.6,610,0.04,1334,6878,22%,23%,Stapleton and St. George,Staten Island,412800,447600,0.31,0.338,276,425000,475400,3384,0.032,282,0.073,0.0409034568,0.0665197631,0.1293210302,0.365514392,0.137997521,0.1220217601,0.1377220768,0.1193438914,0.0815893665,0.1681278281,0.2037613122,0.2345871041,0.1882070136, 	1946.337969973, 1433.47002265, 244.25357123695986, 1.1185882352941177, 0.951149520911294, 0.9712941176470589, 0.9787234042553191
10302,46,843,18.3,3.8,3.6,Pizza,10,Chinese,8,Sandwiches,5,307212,227564,78084,54.6,12937,938,1219,5032,2241,1773,745,989,5133,5132,2999,1655,2548,1844,12.4,281,0.07,707,6288,22%,14%,Port Richmond,Staten Island,320600,320600,0.282,0.296,236,329000,280000,2694,0.027,218,0.025,0.0632780083,0.0855809129,0.1859439834,0.3970435685,0.1314834025,0.0783195021,0.0583506224,0.0771829522,0.0192307692,0.3071725572,0.257016632,0.2406444906,0.0982328482, 	1939.004149574, 1431.60083142, 144.4040230968645, 0.851063829787234, 0.9485987272023101, 0.9744680851063829, 1.0825688073394495
10303,27,357,13.2,3.4,3.2,Fast Food,4,Pizza,4,Chinese,3,248315,208335,75336,53.8,19041,1751,2182,7351,3594,2284,1024,855,7014,8397,4650,2005,3699,2875,12.7,705,0.02,1443,5951,15%,15%,Port Richmond,Staten Island,279600,285100,0.216,0.342,204,269000,200000,2349,0.027,202,0.07,0.0374351371,0.1745737583,0.1039659007,0.1293550778,0.0492957746,0.1275018532,0.3778724981,0.149195058,0.0093597903,0.3000748783,0.2465368776,0.2186447024,0.0743167353, 	1967.401778703, 1396.59303624, 101.65691734397487, 0.7434944237918215, 1.0487427260984385, 1.0394052044609665, 1.00990099009901
10304,27,520,19.3,3.8,3.9,American (New),5,Pizza,4,Spanish,3,517689,391016,75984,55.3,32903,2679,3435,10816,6228,4730,2392,2623,11974,13235,6361,3961,5286,6166,13.1,1219,0.02,1705,5779,19%,19%,Stapleton and St. George,Staten Island,385500,392800,0.313,0.355,255,360000,293000,3174,0.032,245,0.043,0.0418356704,0.123768687,0.1106733109,0.1643295863,0.1170471665,0.1768455209,0.2655000579,0.1329262565,0.0829027713,0.2312118365,0.1855331141,0.2368482856,0.1256458431, 	1960.121682503, 1503.0648193, 149.4805157330081, 0.8138888888888889, 1.0229191131347222, 1.0708333333333333, 1.0408163265306123
10305,69,1911,27.7,3.7,3.7,Italian,16,Pizza,10,Chinese,8,381618,311056,87716,52.2,33721,1698,2921,11393,6288,5448,3186,2787,12950,13100,6695,2933,5691,7810,11.5,489,0.06,1217,7637,23%,23%,Stapleton and St. George,Staten Island,370500,377600,0.432,0.356,259,399000,354800,3240,0.029,263,0.004,0.0176494184,0.1285599679,0.0750100281,0.1409947854,0.117729643,0.2439831528,0.2760730044,0.1417577967,0.0250101256,0.2317739976,0.219218307,0.2795666262,0.1009518023, 	1965.471319691, 1447.7622522000001, 180.51649822892333, 0.8892230576441102, 0.954289404332331, 0.9285714285714286, 0.9847908745247148
10306,44,1123,25.5,3.8,3.8,Italian,11,Pizza,7,American (Traditional),4,429311,386361,99688,55.7,45085,2701,3196,14780,8754,6793,4634,4227,15842,17681,8530,2018,9681,10098,10.9,1025,0.02,1768,9134,25%,22%,South Shore,Staten Island,397700,404400,0.388,0.423,288,419000,368800,3539,0.035,293,0.009,0.0053539934,0.0920886873,0.0173217435,0.1558327035,0.1434240363,0.3539304611,0.2320483749,0.1514957811,0.0197519816,0.2892482741,0.2236001023,0.2221298901,0.0931347481, 	1966.8342151690001, 1393.93377667, 187.50944901998812, 0.8801909307875895, 0.974755600392148, 0.9491646778042959, 0.9829351535836177
10307,27,223,8.3,3.6,3.7,Italian,9,Pizza,5,0,2,540881,426123,113660,58.7,11020,818,929,3791,2580,1393,1013,496,4355,4338,2210,401,2436,2717,10.6,408,0.02,1328,10740,33%,25%,South Shore,Staten Island,482300,489200,0.251,0.494,285,589900,450000,3574,0.029,293,0.066,0.0231822972,0.1825605901,0.1209167545,0.1322444679,0.0547945205,0.0571654373,0.4291359326,0.1078639745,0.1596705632,0.1198193411,0.1503719447,0.1790648247,0.2810839532, 	1968.56427838, 1443.0924547299999, 228.59299284365795, 0.7628411595185625, 0.7167758759720121, 0.8175962027462281, 0.9726962457337884
10308,44,727,16.5,3.5,3.6,Italian,15,Pizza,11,Chinese,5,392959,350223,105486,55.5,23415,1605,1742,7022,4836,3850,2569,1791,8213,9237,5312,939,4295,5162,11.6,532,0.03,1419,9075,34%,22%,South Shore,Staten Island,407000,413000,0.313,0.492,287,424900,424800,3557,0.026,276,0.012,0.0071230231,0.0581914765,0.0152118798,0.0994808644,0.0930822166,0.4637208741,0.2631896656,0.1105996366,0.016353725,0.2887946699,0.2556026651,0.2316172017,0.0954572986, 	1969.68610426, 1411.38703821, 215.66888200168066, 0.9997646505060014, 0.916787061769734, 0.9578724405742528, 1.039855072463768
10309,48,825,17.2,3.6,3.6,Pizza,8,American (New),7,Italian,7,531587,420169,107387,57.4,24981,1327,1978,9572,4897,3907,2255,1045,10610,9744,5771,1300,5643,5662,11.6,520,0.03,1452,9238,17%,23%,South Shore,Staten Island,456400,471900,0.251,0.494,246,499900,386200,3920,0.032,251,0.035,0.0126869053,0.1948346171,0.0180108745,0.0498414137,0.0471227911,0.0970774807,0.5804259175,0.0603956959,0.0963785723,0.121022793,0.1441629064,0.2954992479,0.2809209765, 	1982.4218394020002, 1403.79497861, 194.81222024697715, 0.7725545109021804, 0.7048460484719145, 0.9129825965193039, 0.9800796812749004
10310,44,742,16.9,3.6,3.6,Italian,7,Pizza,7,Delis,5,347135,298793,86572,55.8,18748,1834,1533,6609,3864,2568,1225,1115,7152,7422,3721,1521,3728,4071,13.3,426,0.04,1109,6509,16%,22%,Port Richmond,Staten Island,390500,397400,0.176,0.383,267,379900,351500,3205,0.033,251,0.07,0.0831234257,0.0906801008,0.1344008636,0.3751349406,0.1523929471,0.0548758546,0.1093918676,0.0680100756,0.0289672544,0.2808564232,0.2759985606,0.2315581144,0.1138898884, 	1942.1410579380001, 1437.18963648, 180.98582415697072, 0.9252434851276652, 0.9495514576374835, 1.0279020794946039, 1.0637450199203187
10312,36,583,16.2,3.6,3.7,Pizza,10,Italian,7,American (New),4,438917,381721,101855,57.8,49320,3195,3873,16129,9498,9137,4805,2683,18868,19769,10967,1856,10133,11808,11.6,1370,0.01,3044,8789,28%,24%,South Shore,Staten Island,420500,425400,0.209,0.457,260,435000,407400,3613,0.031,272,0.036,0.0011258092,0.0925978047,0.0062482409,0.0400788066,0.077061638,0.39386434,0.3890233605,0.0726914414,0.0523648649,0.2217905405,0.2025900901,0.3004504505,0.1490427928, 	1976.94905694, 1482.4436938500003, 206.07511284614984, 0.9365517241379311, 0.9269532982234484, 0.9666666666666667, 0.9558823529411765
10314,72,2102,29.2,3.4,3.6,Pizza,16,Italian,10,American (Traditional),7,384894,328953,93990,55.6,71209,4713,4935,22722,13161,12400,7162,6116,25747,27471,15272,3509,13000,16502,11.7,989,0.03,2439,8020,22%,23%,Mid-Island,Staten Island,388500,417600,0.24,0.322,259,399900,363500,3242,0.031,268,0.036,0.0046063652,0.0470268007,0.0191373534,0.0832077052,0.1206030151,0.3667504188,0.3586683417,0.1266277309,0.0123296561,0.2421804023,0.188492321,0.3030067056,0.1249405148, 	1971.327052122, 1399.53277098, 184.39355337244365, 0.9089772443110777, 0.9379214369158289, 0.9714928732183046, 0.9664179104477612
10451,49,652,13.3,3.4,3.8,American (Traditional),9,Pizza,8,Latin American,5,642567,263319,41049,47.9,34545,2890,4171,12528,5795,4192,2856,2113,11470,15216,5972,7548,5506,3489,10.6,705,0.02,2597,3861,18%,10%,High Bridge and Morrisania,Bronx,0,0,0,0.109,0,160000,0,145,0.099,220,0,0,0,0,0,0,0,0,0,0,0,0,0,0, 	0.0, 0.0, 0.0, 0.0, 0.0, 0.0, 0.0
10452,28,154,5.5,3.6,3.4,American (New),4,Burgers,3,Restaurants,3,1496220,151264,39803,51.9,54172,5136,5665,22356,9508,6723,3099,1685,20860,23392,11006,13432,10192,3957,11.9,1935,0,9849,3355,14%,7%,High Bridge and Morrisania,Bronx,0,0,0,0.138,0,145000,0,1088,0.052,112,0,0.1024464832,0.1865443425,0.2706422018,0.3119266055,0.0290519878,0,0.0978593272,0,0,0,0,0,0, 	1937.0489296389999, 0.0, 0.0, 0.0, 0.0, 0.0, 0.0
10453,26,103,4,3.6,3.8,Mexican,4,Latin American,4,Burgers,3,2252628,172923,39541,52.3,58578,5996,6869,22219,11435,7150,3187,1722,21797,25876,11550,14002,10466,4786,11.7,2253,0,14645,3387,15%,8%,Central Bronx,Bronx,0,0,0,0.222,0,324000,0,2156,0.059,159,0,0.0575256107,0.0654058314,0.2876280536,0.3388494878,0.0094562648,0.0094562648,0.231678487,0,0,0,0,0,0, 	1940.992907999, 0.0, 0.0, 0.0, 0.0, 0.0, 0.0
10454,32,323,10.1,4.1,3.6,Chinese,5,Restaurants,4,Mexican,4,614774,141100,39082,44.5,28057,3218,3677,10220,4480,3012,1979,1471,10438,10951,5003,7174,3947,1588,12.1,877,0.01,2778,3221,16%,6%,Hunts Point and Mott Haven,Bronx,0,0,0,0.071,0,350000,0,1308,0.029,172,0,0.0626506024,0.2084337349,0.3771084337,0.1096385542,0,0,0.2397590361,0,0.09963548,0.0364520049,0.0753341434,0.4993924666,0.2709599028, 	1944.277108148, 1571.68894318, 0.0, 0.0, 0.7723728520770287, 0.0, 0.0
10455,56,296,5.3,3.8,3.7,Mexican,15,Pizza,6,Fast Food,5,937341,121534,38806,45.1,26767,2216,3009,11104,4240,2791,2137,1270,9405,11739,5094,7561,3766,1714,11.4,478,0.01,5050,3395,27%,6%,Hunts Point and Mott Haven,Bronx,0,0,0,0.25,0,259900,0,1536,0.028,268,0,0.0363815143,0.1779744346,0.343166175,0.0560471976,0,0,0.3785644051,0.0367428004,0.1092353525,0.1350546177,0.0546176763,0.3247269116,0.317775571, 	1941.671582994, 1361.37040708, 0.0, 0.0, 1.4037986498554829, 0.0, 0.0
10456,32,129,4,3.5,3.4,Restaurants,4,Chinese,4,Pizza,4,1151451,126826,39166,46.1,65814,6468,7459,25396,11575,7799,4350,2767,23382,28847,11429,17064,11578,4699,12.6,2057,0,16454,3106,13%,7%,High Bridge and Morrisania,Bronx,256200,285700,0.265,0.105,201,349000,0,1117,0.039,208,0.078,0.0952879581,0.1863874346,0.2293193717,0.2062827225,0,0,0.277486911,0.0464509395,0.1503131524,0.2379958246,0.0548016701,0.1649269311,0.3168058455, 	1941.193717271, 1307.2025051300002, 0.0, 0.0, 0.7790777107938109, 0.7340974212034383, 0.9663461538461539
10457,20,79,4,3.4,3.7,Burgers,3,Latin American,3,Diners,3,758323,116868,40912,46.4,50631,5765,6556,18906,9159,4969,3251,2025,17597,21993,8865,11859,8162,4148,10.4,2532,0,12658,3931,15%,8%,Central Bronx,Bronx,0,0,0,0.143,0,315000,0,1842,0.044,158,0,0.1035834267,0.1438969765,0.3477043673,0.1746920493,0.0089585666,0.0246360582,0.1965285554,0,0,0,0,0,0, 	1941.931690925, 0.0, 0.0, 0.0, 0.0, 0.0, 0.0
10458,116,2453,21.1,3.9,3.8,Italian,23,Pizza,18,Chinese,12,1117261,144591,43945,49.5,56368,6020,7972,21978,9312,6004,3270,1812,21942,23324,10395,12921,9182,4796,11.5,486,0.04,2671,3808,20%,9%,Bronx Park and Fordham,Bronx,0,0,0,0.067,0,125000,0,2418,0.07,136,0,0.0231958763,0.0676546392,0.5019329897,0.3318298969,0.0180412371,0.0096649485,0.0476804124,0,0,0,0,0,0, 	1927.3775775170002, 0.0, 0.0, 0.0, 0.0, 0.0, 0.0
10459,29,67,2.3,3.6,3.4,Pizza,7,Chinese,5,Restaurants,4,890041,133951,40561,46.3,32904,3780,3827,12651,5197,3533,2270,1646,10929,14279,5189,8495,5186,2511,11.7,1135,0,14306,3456,24%,8%,Hunts Point and Mott Haven,Bronx,268500,308600,0.485,0.261,175,214000,0,1614,0.031,183,0.027,0.0271710176,0.1523708045,0.210442195,0.1177410762,0,0,0.4896110815,0.0465698548,0.0951427141,0.1627441162,0.1196795193,0.2573860791,0.2934401602, 	1959.605753965, 1316.37456199, 0.0, 0.0, 1.1256847889914487, 1.2546728971962617, 0.9562841530054644
10460,26,137,5.3,3.5,3.5,Burgers,5,Spanish,5,Fast Food,4,792713,131337,40470,48.7,41064,4614,4909,14836,7355,4872,2531,1947,14365,17607,7668,9768,6413,3214,9.7,1579,0,7748,4157,19%,8%,Central Bronx,Bronx,0,0,0,0.122,0,199000,0,2925,0.09,140,0,0.0718954248,0.161387632,0.2624434389,0.2765208648,0.0191050779,0.0201106083,0.1885369532,0.0149100257,0.1460154242,0.0550128535,0.0899742931,0.2812339332,0.3835475578, 	1945.671191359, 1341.1311057, 0.0, 0.0, 0.9435093205929649, 0.0, 0.0
10461,93,1917,20.6,3.7,3.6,Pizza,17,Chinese,12,Italian,12,398917,240597,70465,55.5,42216,2354,3075,15566,7440,5714,3647,4420,16056,15739,7668,4639,8181,8232,11,454,0.05,2049,6405,18%,19%,Southeast Bronx,Bronx,0,0,0,0.232,251,429000,348000,3674,0.034,259,0,0.0197165742,0.0414356131,0.089340727,0.4711953173,0.2660197166,0.0979667283,0.0143253235,0.0283788021,0.0736908122,0.1091251176,0.2284415177,0.2585449984,0.2982126058, 	1940.423598283, 1333.0667921, 179.34228397754526, 0.8111888111888111, 0.8048118861396271, 0.0, 0.9691119691119691
10462,109,1631,15,3.8,3.6,Pizza,22,Mexican,12,Chinese,11,393297,131553,58813,56.8,59226,3854,4785,24382,9959,7898,4636,3712,21815,25209,10741,8445,12080,10973,11,543,0.03,3948,5352,20%,19%,Southeast Bronx,Bronx,106800,0,0.716,0.236,152,140000,116700,1126,0.023,161,-0.079,0,0,0,0,0,0,0,0.7317911847,0.0251953736,0.0455767427,0.036761488,0.0706470772,0.0874648328, 	0.0, 1084.36386382, 0.0, 0.8335714285714285, 1.247018443393, 0.7628571428571429, 0.9440993788819876
10465,37,762,20.6,3.7,3.9,Pizza,9,Italian,7,American (Traditional),3,416011,330244,83904,54.4,35884,2388,3365,11313,5963,5492,3519,3844,13039,13094,6490,2718,7012,6548,11.6,970,0.02,1742,7261,24%,18%,Southeast Bronx,Bronx,389900,396100,0.416,0.28,257,410000,388300,3777,0.037,250,0.001,0,0.0901577761,0.030052592,0.3112947658,0.2668419735,0.2354119709,0.0649887303,0.0806431353,0.0570280116,0.1494787087,0.2414269564,0.2689360633,0.1997236528, 	1951.945905209, 1416.3672906699999, 198.92969316607352, 0.9470731707317073, 0.8636385918719511, 0.9509756097560975, 1.028
10466,25,126,5,4.1,4.2,Caribbean,7,Pizza,5,Chinese,3,492516,195289,59625,55.7,55257,4637,5765,18616,10038,8179,4896,3126,18370,24228,10887,7199,10595,8152,12.5,2210,0,11051,4755,28%,15%,Northeast Bronx,Bronx,337000,337100,0.287,0.1,229,389000,417000,3216,0.031,235,0.016,0.0140021916,0.0448070133,0.0796298551,0.3904785097,0.2566662608,0.1698526726,0.0445634969,0.0213106677,0.0651638335,0.1617393447,0.2091648189,0.2618871643,0.2781473269, 	1945.585048099, 1334.61443721, 214.33141686992508, 1.0719794344473008, 0.8062580790343188, 0.8663239074550129, 0.9744680851063829
10467,32,328,10.3,3.7,3.9,Pizza,7,Chinese,6,Mexican,4,682760,151767,52065,54,73216,5716,7114,29513,12437,8659,5354,4423,25972,31751,14231,12218,13530,10630,11.6,2288,0,7108,4504,22%,15%,Bronx Park and Fordham,Bronx,312300,0,0.095,0.129,0,299000,212600,2741,0.075,199,0.066,0.0228512075,0.0875097377,0.2227992729,0.3508179694,0.1859257336,0.1165930927,0.0135029862,0.0835084034,0.149947479,0.0480567227,0.1137079832,0.2134978992,0.3715861345, 	1939.9480654330002, 1311.26575648, 109.59056264866929, 0.7110367892976589, 0.8727153362525751, 1.0444816053511705, 0.0
10468,58,603,10.4,3.5,3.4,Mexican,11,Pizza,9,Restaurants,8,1021367,139961,46206,54.7,56168,4661,6969,21516,10231,6587,3217,2987,20787,24516,11231,10601,9643,6859,11.4,968,0.01,5401,4045,19%,12%,Bronx Park and Fordham,Bronx,0,0,0,0.211,0,138000,0,2513,0.081,147,0,0,0,0,0,0,0,0,0,0,0,0,0,0, 	0.0, 0.0, 0.0, 0.0, 0.0, 0.0, 0.0
10469,44,401,9.1,3.4,3.5,Caribbean,9,Chinese,7,Pizza,7,350724,237915,73377,52.3,56620,4504,5357,18016,10754,7709,5099,5181,18684,23152,9050,5401,11734,10294,11.5,1287,0.01,6222,6359,20%,18%,Northeast Bronx,Bronx,355200,356700,0.296,0.175,221,379000,371000,3443,0.033,242,0.034,0.009191699,0.0601724628,0.0321235668,0.2044916138,0.4792949872,0.1737894438,0.0409362267,0.0244601567,0.0494935983,0.0964074145,0.2507166062,0.3331740875,0.2453659469, 	1952.195584391, 1419.13816165, 190.04243374299807, 0.978891820580475, 0.9061515438503959, 0.9372031662269129, 0.9132231404958677
10470,18,207,11.5,3.8,3.6,Pizza,6,Sandwiches,3,Pubs,2,375149,247926,72272,57.2,12604,667,1071,4824,1855,2063,967,1157,4779,5034,2651,1025,2405,2661,11.4,700,0.02,1096,6346,33%,21%,Northeast Bronx,Bronx,0,0,0,0.28,0,329000,0,3604,0.036,179,0,0.023255814,0.0394337715,0.2143579373,0.4251769464,0.1097067745,0.160768453,0.0273003033,0.0158405723,0.0868676546,0.0792028615,0.213592233,0.2866632601,0.3111905979, 	1937.8058645070003, 1367.3479816699999, 0.0, 0.0, 0.7439370477779027, 0.0, 0.0
10471,32,580,18.1,3.6,3.5,Pizza,7,Delis,5,Mexican,3,466129,820887,119726,54.2,18441,1715,1728,4933,3018,2677,1764,2606,6226,6130,1543,549,1960,6576,10.2,576,0.03,1019,11704,22%,36%,Kingsbridge and Riverdale,Bronx,762500,904500,0.215,0.353,0,278000,214200,6974,0.071,272,0.153,0,0,0,0,0,0,0,0,0,0,0,0,0, 	0.0, 0.0, 0.0, 0.7705035971223022, 0.0, 2.7428057553956835, 0.0
10472,44,283,6.4,3.5,3.4,Chinese,9,Mexican,7,Pizza,7,696825,147409,50337,52,51216,4283,5845,19701,8738,6421,3739,2489,20120,20585,9617,12522,8257,4464,11.1,1164,0.01,8003,4535,20%,9%,Southeast Bronx,Bronx,0,0,0,0.1,0,425000,0,3176,0.044,172,0,0.007831488,0.0372670807,0.0656224683,0.5927626249,0.1609505806,0.1250337564,0.0105320011,0.0051728832,0.1372175334,0.0465559488,0.0977402668,0.1628096923,0.5453307923, 	1939.835268697, 1053.30792271, 0.0, 0.0, 0.4262799122496941, 0.0, 0.0
10473,13,88,6.8,3.6,3.9,Spanish,2,American (New),2,Chinese,2,437338,229259,60116,50.3,45966,4276,4734,14968,7965,6661,4530,2832,14526,19802,8834,6585,8637,5538,11.8,3536,0,6760,5106,15%,12%,Southeast Bronx,Bronx,324400,327900,0.366,0.25,231,325000,405600,2338,0.072,235,0.025,0.0076801891,0.2107128791,0.0472627019,0.2644742024,0.1199291059,0.2069712485,0.1429696731,0.0895752896,0.0291505792,0.2133204633,0.1727799228,0.2635135135,0.2303088803, 	1962.753052379, 1280.3281855100001, 206.64851317305718, 1.248, 0.9257757649072308, 0.9981538461538462, 0.9829787234042553
10474,13,65,5,3.2,3.2,Barbeque,2,Delis,2,Pizza,2,737192,109443,37063,43.8,9137,674,1182,3984,1671,791,615,220,3960,3668,1690,2554,1642,560,10.6,703,0.01,1827,3508,15%,6%,Hunts Point and Mott Haven,Bronx,0,0,0.733,0.071,0,475000,0,1715,0.042,0,0,0.0927318296,0.2155388471,0.335839599,0.328320802,0,0,0,0,0,0,0,0,0, 	1881.453634094, 0.0, 0.0, 0.0, 0.0, 0.0, 0.0
10475,37,426,11.5,2.6,2.6,Burgers,6,Chinese,6,American (Traditional),5,341492,232611,66637,50.5,35411,2171,2580,9253,6879,5858,4499,4171,10949,13621,5481,2912,7872,5725,10.5,957,0.01,3079,6364,16%,16%,Northeast Bronx,Bronx,0,0,0,0.062,0,182000,0,3323,0.081,151,0,0,0.2079831933,0.0588235294,0.218487395,0.1722689076,0.1995798319,0.1365546218,0.094017094,0.0811965812,0.1153846154,0.1987179487,0.2136752137,0.297008547, 	1950.840336149, 1291.45299149, 0.0, 0.0, 1.0714802292032417, 0.0, 0.0
11001,44,812,18.5,3.9,3.9,American (New),7,Pizza,7,Italian,6,458833,408979,115923,64,21954,1472,1561,6715,4412,3947,1946,1901,7791,8844,3516,945,3935,6678,13.3,499,0.04,1187,8694,16%,30%,Northwest Queens,Queens,503400,503400,0.227,0.327,325,515000,511300,6920,0.027,332,0.045,0.0071265295,0.0121016539,0.0595670297,0.5109587199,0.3177356461,0.0763748823,0.0161355385,0.0291902072,0.00322841,0.3093892924,0.3817594835,0.2180521926,0.057842346, 	1939.7485543299997, 1480.80441214, 263.59086535141455, 0.9928155339805825, 0.9546156598650097, 0.9774757281553398, 0.9789156626506024
11004,27,575,21.3,3.5,3.1,Indian,11,Chinese,5,Pakistani,3,321223,461886,95480,58,11734,553,707,4010,2032,2031,1050,1351,4087,4693,1684,488,1677,4224,11.9,435,0.05,551,8033,41%,36%,Southeast Queens,Queens,550200,550200,0.122,0.156,457,285900,265500,5030,0.04,368,0.077,0,0,0,0,0,0,0,0,0,0,0,0,0, 	0.0, 0.0, 0.0, 0.9286463798530955, 0.0, 1.9244491080797481, 1.2418478260869565
11005,1,5,5,2.4,2.5,Diners,1,n/a,n/a,n/a,n/a,412639,?,76045,23.3,1963,0,0,8,83,153,351,1368,128,116,20,0,27,197,13.8,1963,0,393,5511,100%,10%,Southeast Queens,Queens,0,0,0,0.136,0,379000,545900,0,0.121,465,0,0,0,0,0,0,0,0,0,0,0,0,0,0, 	0.0, 0.0, 0.0, 1.4403693931398416, 0.0, 0.0, 0.0
11040,68,2671,39.3,3.7,3.7,Italian,15,Pizza,11,Indian,6,366729,462558,119396,58.9,32366,2013,2240,8205,6836,5682,3726,3664,11452,11511,3980,894,5562,10287,6,476,0.08,824,19899,22%,32%,Northwest Queens,Queens,793800,722700,0.212,0.167,827,865000,800300,569,0.111,974,0.101,0.1584278768,0.397082658,0.1308752026,0.2645867099,0.0328200972,0.0133711507,0,0.2988154375,0.0542606037,0.2862055789,0.1230416507,0.1150171953,0.1096675583, 	1944.558346644, 1276.00305675, 411.55874874168273, 0.9252023121387283, 1.436794193380925, 0.9176878612716763, 0.8490759753593429
11096,11,48,4.4,3.1,3.6,Pizza,5,Sandwiches,2,Italian,2,?,?,71863,57.8,6406,756,583,2128,1159,875,530,375,2149,2596,1498,861,1239,564,12.4,582,0.01,1456,5797,45%,9%,Northwest Queens,Queens,0,678900,0,0.084,0,545000,0,1115,0.046,767,0,0.0351084813,0.1400394477,0.1305719921,0.4339250493,0.0927021696,0.1057199211,0.0619329389,0.2483592401,0.0853195164,0.0659758204,0.1322970639,0.190328152,0.2704663212, 	1945.585798815, 1246.04490506, 0.0, 0.0, 1.7536081507908625, 0.0, 0.0
11101,46,5482,119.2,3.8,4,American (New),9,Breakfast & Brunch,7,Bars,5,1223542,1099688,71270,58.1,19995,1090,2247,9033,3229,2251,1207,938,8351,8409,3281,2526,3155,5551,12.3,435,0.27,168,5808,20%,28%,Northwest Queens,Queens,-1,678900,0,0.084,0,545000,0,1115,0.046,767,-1,0.0351084813,0.1400394477,0.1305719921,0.4339250493,0.0927021696,0.1057199211,0.0619329389,0.2483592401,0.0853195164,0.0659758204,0.1322970639,0.190328152,0.2704663212, 	1945.585798815, 1246.04490506, 0.0, 0.0, 1.7536081507908625, -1.834862385321101E-6, 0.0
11102,44,6537,148.6,3.7,3.8,Pizza,6,Italian,5,Breakfast & Brunch,4,848424,327641,69286,63.5,29102,1492,3347,14215,4125,2563,1906,1454,12608,11642,3941,3397,4139,9426,11.4,661,0.22,196,6102,14%,32%,Northwest Queens,Queens,669400,698900,0.215,0.046,602,515000,0,2665,0.04,820,0.066,0.0171463564,0.0254133497,0.1625842009,0.476117575,0.171463564,0.1301285977,0.0171463564,0.0277185501,0.1157477917,0.0798050564,0.1282363692,0.2598233323,0.3837953092, 	1937.5045929700002, 1290.98385645, 0.0, 0.0, 2.055547111240777, 1.2998058252427185, 0.7341463414634146
11103,106,14179,133.8,3.8,3.8,American (New),13,Mexican,13,Pizza,11,782266,321678,73601,66.9,32387,931,2877,16023,4627,3260,2626,2043,13892,12895,4735,2964,4971,11240,11.5,306,0.44,242,6421,12%,35%,Northwest Queens,Queens,669400,698900,0.215,0.046,602,515000,0,2665,0.04,820,0.066,0.0171463564,0.0254133497,0.1625842009,0.476117575,0.171463564,0.1301285977,0.0171463564,0.0277185501,0.1157477917,0.0798050564,0.1282363692,0.2598233323,0.3837953092, 	1937.5045929700002, 1290.98385645, 0.0, 0.0, 2.055547111240777, 1.2998058252427185, 0.7341463414634146
11104,99,6007,60.7,3.7,3.5,Pizza,12,Mexican,10,Chinese,8,662818,314082,69145,65.5,22952,683,1643,10890,3611,2936,2082,1107,9524,9556,4279,2408,3867,6883,12.4,232,0.26,378,5575,12%,30%,Northwest Queens,Queens,0,720900,0,0.288,588,375000,200000,2555,0.037,411,0,0,0,0,0,0,0,0,0.3011049724,0.0226519337,0.135359116,0.1436464088,0.1883977901,0.1801104972, 	0.0, 1170.5524862099999, 0.0, 0.5333333333333333, 1.2829255248861597, 0.0, 1.4306569343065694
11105,100,9782,97.8,3.9,3.9,Greek,22,Pizza,16,Italian,15,634672,359158,75957,64.1,32604,1168,2796,15534,4348,3937,2419,2402,13045,13570,4538,2560,5507,11214,11.3,326,0.3,333,6709,22%,34%,Northwest Queens,Queens,647500,670200,0.131,0.304,562,330000,0,4412,0.03,513,0.042,0.0603448276,0.0108259824,0.0370890136,0.601042502,0.2004811548,0.0769847634,0.0132317562,0.0427882684,0.0460024106,0.1163117718,0.2253917236,0.2802330253,0.2864604259, 	1935.485164396, 1297.08718361, 0.0, 0.0, 2.0163809854300907, 1.9621212121212122, 1.0955165692007798
11106,79,11241,142.3,3.9,3.9,Italian,10,Pizza,9,Bars,8,617368,351474,71228,61.9,32149,1607,2999,14140,4758,3692,2532,2421,12283,13306,4535,3336,5151,9568,11.5,407,0.35,226,6181,13%,30%,Northwest Queens,Queens,559700,662400,0.307,0.105,596,450000,354900,773,0.055,749,0.076,0,0.077157803,0.1586748038,0.4110723627,0.2035745423,0.0828247602,0.0658238884,0.1033737024,0.0882352941,0.071799308,0.1388408304,0.2802768166,0.3066608997, 	1941.8788142640003, 1317.90657426, 182.7611472935875, 0.7886666666666666, 2.1935822758238666, 1.2437777777777779, 0.7957276368491322
11109,2,407,203.5,3.5,4.3,Sushi Bars,1,Burgers,1,Food Trucks,1,830910,1140989,167364,83.2,2937,40,149,2344,134,158,63,49,1499,1286,91,11,297,2237,10.7,1469,0.14,14,15690,50%,76%,Northwest Queens,Queens,-1,-1,-1,-1,875000,-1,-1,7574,0.08,1618,0.064,-1,-1,-1,-1,-1,-1,-1,-1,-1,-1,-1,-1,-1, 	-1.0, -1.0, 1.0, 1.0, 1618.0, 1.0, 540.7911001236093
11201,117,20967,179.2,3.9,3.8,Italian,21,American (New),19,Pizza,14,1089991,1128477,157141,64.7,45327,2227,3407,22752,5762,5346,3128,2705,18615,18652,3007,1602,4195,25056,11.4,387,0.46,253,13732,18%,55%,Northwest Brooklyn,Brooklyn,975600,3488400,0.126,0.103,976,915000,832500,570,0.083,1108,0.134,0,0,0,0,0,0,0,0,0,0,0,0,0, 	0.0, 0.0, 0.0, 0.9098360655737705, 0.0, 1.0662295081967212, 0.8808664259927798
11203,50,664,13.3,3.4,3.6,Caribbean,14,Restaurants,9,American (New),5,467187,201831,64686,55.3,64482,4100,5986,21410,11031,9960,7067,4928,21260,27127,14271,4948,13611,9571,11.9,1290,0.01,4848,5444,28%,15%,Flatbush,Brooklyn,383500,382300,0.175,0.119,263,439000,440000,3318,0.028,270,0.058,0.0116988301,0.0244975502,0.1130886911,0.5671432857,0.2565743426,0.0144985501,0.0124987501,0.0171571072,0.0686284289,0.1704738155,0.2686284289,0.270723192,0.2016957606, 	1935.4464551570002, 1467.1122192799999, 227.33772811312826, 1.0022779043280183, 0.9023241439763097, 0.8735763097949886, 0.9740740740740741
11204,68,1581,23.3,3.5,3.7,Chinese,21,Pizza,12,Japanese,7,660801,387616,65759,52.6,61752,4680,6208,21871,10201,9177,4588,5027,23966,23491,12809,9517,8517,10406,12.1,908,0.03,2650,5420,31%,17%,Borough Park,Brooklyn,717700,747700,0.13,0.143,449,658000,648000,3577,0.033,513,0.129,0.005853358,0.0585335798,0.0853357979,0.7181146026,0.0640788663,0.0326555761,0.0354282193,0.0272088651,0.1391115069,0.1211041852,0.1476204611,0.2057979618,0.3505491244, 	1936.8699938360003, 1341.70376972, 334.5604000589767, 0.9848024316109423, 1.0460395651464438, 1.0907294832826748, 0.8752436647173489
11205,50,6323,126.5,3.7,3.8,American (New),10,Coffee & Tea,7,Breakfast & Brunch,5,714161,509843,79705,55.5,30678,2301,4596,14658,3120,3124,1597,1282,12409,13089,4329,3610,4053,8910,12.5,614,0.21,243,6386,20%,29%,Northwest Brooklyn,Brooklyn,735100,1748100,0.141,0.065,612,529000,578300,473,0.088,657,0.312,0,0,0,0,0,0,0,0.1276931161,0.1290068313,0.246452969,0.1003678403,0.1332107199,0.2346295323, 	0.0, 1328.19232785, 0.0, 1.0931947069943289, 1.6495696774999058, 1.389603024574669, 0.9315068493150684
11206,56,4382,78.3,4,4.1,Mexican,13,Bars,9,American (New),8,660411,299920,48686,51,59038,5176,7581,24774,8221,6200,4129,2957,21478,25298,10481,11635,8752,8327,11.6,1054,0.07,754,4210,23%,14%,Bushwick and Williamsburg,Brooklyn,0,0,0,0.065,0,800000,415000,456,0.042,626,0,0.1214470284,0.3772609819,0.1240310078,0.2343669251,0,0,0.1387596899,0.0999327806,0.1664799462,0.16468743,0.1250280081,0.1584136231,0.2630517589, 	1949.416020718, 1429.59892439, 212.88426666728074, 0.51875, 1.118661158335175, 0.0, 0.0
11207,23,279,12.1,3.3,3.9,Pizza,4,Spanish,3,Breakfast & Brunch,3,344097,159857,50010,49,68460,6848,8599,25056,11432,8188,5131,3206,22529,30746,14794,12147,11665,6070,11.7,2977,0,5658,4286,17%,9%,East New York and New Lots,Brooklyn,319600,333300,0.169,0.08,287,539000,273000,1316,0.038,295,0.096,0.0546116505,0.1439761695,0.3310900265,0.2808914387,0.0068402471,0.0660856134,0.1165048544,0.0943773095,0.092879257,0.1819634475,0.08878458,0.2228103465,0.3168880455, 	1941.0425862499999, 1257.05582735, 140.64606409662693, 0.5064935064935064, 0.687999014968924, 0.5929499072356216, 0.9728813559322034
11208,32,291,9.1,3.6,3.8,Latin American,8,Pizza,7,Caribbean,3,321598,153142,55563,49.9,69224,6886,8385,26473,12545,8047,4139,2749,24714,30736,21504,10009,9931,5621,12.6,2163,0,7607,4422,25%,8%,East New York and New Lots,Brooklyn,329400,330900,0.17,0.078,270,429000,386700,2248,0.028,265,0.067,0.0565385823,0.1257459952,0.4072871951,0.2766202492,0.0210449168,0.0538163543,0.0589467072,0.0218003546,0.061541671,0.1500990925,0.1371649108,0.2956086367,0.3328465631, 	1934.505287603, 1263.71127555, 199.89606773272297, 0.9013986013986014, 0.7806141911905594, 0.7678321678321678, 1.0188679245283019
11209,204,10473,51.3,3.7,3.6,Pizza,23,Chinese,21,Italian,19,548986,518331,88562,57,59478,2936,4076,23553,10221,8309,5024,5359,22482,23677,8160,4469,8668,20786,11.1,292,0.18,1159,7992,11%,35%,Southwest Brooklyn,Brooklyn,833400,910100,0.149,0.22,539,270000,267200,5259,0.063,386,0.105,0.0498996991,0.0339769308,0.2034854564,0.6084503511,0.0530341023,0.0225677031,0.0285857573,0.068582468,0.0834339532,0.0975609756,0.1433228689,0.2617725187,0.3307172181, 	1929.991223865, 1265.05674975, 138.44622540039603, 0.9896296296296296, 1.8085626126055556, 3.0866666666666664, 1.3963730569948187
11210,58,494,8.5,3.5,3.6,Chinese,10,Caribbean,9,Kosher,8,597188,472877,76701,57.9,49611,4018,5019,16926,9677,7551,3819,2601,18073,21100,10985,2858,8548,11763,10.6,855,0.01,5837,7218,17%,24%,Flatbush,Brooklyn,608800,614700,0.231,0.125,380,264900,378000,4285,0.038,299,0.125,0.0083854819,0.0112640801,0.1969962453,0.7107634543,0.0584480601,0.009261577,0.0048811014,0.0097026993,0.0610772484,0.1778828212,0.2652071153,0.2569971389,0.224903595, 	1928.3454319840002, 1407.06555515, 196.0229706412561, 1.4269535673839184, 1.5881940392217817, 2.298225745564364, 1.2709030100334449
11211,129,27759,215.2,4,4.1,Bars,24,American (New),24,Breakfast & Brunch,19,959940,666947,74916,61.3,68952,4585,8494,33978,8301,6466,3271,3857,28033,29206,9374,8410,9334,21627,11.7,535,0.4,320,6406,19%,31%,Greenpoint,Brooklyn,904700,1122200,0.103,0.203,0,950000,894200,436,0.047,1076,0.255,0.1968688845,0.2534246575,0.3043052838,0.1886497065,0.0166340509,0.0031311155,0.0369863014,0.1805904523,0.1407035176,0.1710113065,0.1184045226,0.1311243719,0.2327261307, 	1936.455968884, 1357.14510061, 461.7714083710031, 0.9412631578947368, 1.5371453981645895, 0.9523157894736842, 0.0
11212,43,125,2.9,3.5,3.6,Caribbean,8,Restaurants,7,Pizza,5,544777,134777,47299,47.1,61406,5572,6239,21588,10844,8504,5119,3540,18424,28751,15906,8751,11698,4581,11.4,1428,0,21174,4140,19%,7%,Central Brooklyn,Brooklyn,314200,313600,0.145,0.186,264,349000,0,2569,0.016,260,0.067,0.0130093744,0.0694471016,0.0413238952,0.5184618328,0.0820738473,0.0036349723,0.2720489765,0,0.1122156375,0.2246224431,0.1181418467,0.1856241636,0.35442554, 	1951.624258853, 1252.3609250000002, 0.0, 0.0, 0.9329909469914042, 0.9002865329512894, 1.0153846153846153
11213,27,227,8.4,3.6,3.7,Caribbean,6,Kosher,4,Indian,2,627013,263962,53827,52.3,46499,3763,4812,17075,8465,5589,3714,3081,16091,19850,10010,5094,9131,6894,12.7,1722,0,5536,4245,22%,15%,Central Brooklyn,Brooklyn,0,837700,0,0.039,385,550000,320000,3276,0.072,356,0,0.1408650437,0.0723233278,0.4481210116,0.2987473411,0.0063814701,0,0.0316709998,0.0235159817,0.1618721461,0.0337899543,0.0794520548,0.2118721461,0.4728310502, 	1918.8442449689999, 1218.85844731, 166.7670530523804, 0.5818181818181818, 0.7889338313497455, 0.0, 1.0814606741573034
11214,66,3514,53.2,3.6,3.7,Chinese,12,Japanese,11,Pizza,9,608096,349637,64275,49.7,67036,2995,4665,23963,10019,9903,8260,7231,23933,24617,12671,12372,8126,10716,12.7,1016,0.05,1260,5045,18%,16%,Southwest Brooklyn,Brooklyn,591600,682800,0.068,0.155,444,529000,312400,1523,0.061,437,0.149,0.0203095839,0.0903502031,0.0892523877,0.4477988802,0.1787243386,0.1373367,0.0362279065,0.0585273757,0.1004824837,0.0982798406,0.1561778897,0.2164883575,0.3599748269, 	1944.968712269, 1242.71030001, 160.61955034513343, 0.5905482041587902, 1.0265867695734783, 1.1183364839319472, 1.0160183066361557
11215,169,23656,140,3.8,3.8,Italian,23,American (New),22,Mexican,18,988742,718987,129767,73.3,56258,2072,4379,28682,8416,6898,3242,2569,23494,24881,3545,2453,5602,32396,11.7,333,0.42,402,11123,14%,58%,Northwest Brooklyn,Brooklyn,933000,1764100,0.142,0.153,877,859000,802900,1593,0.08,934,0.117,0.2474367738,0.1159717476,0.3849396218,0.2243107769,0.0133287765,0.0048986102,0.0091136933,0.1443510355,0.1813614927,0.0953454993,0.1073405782,0.1846421981,0.2708632356, 	1921.5311006729999, 1471.1605495099998, 417.8438744596906, 0.9346915017462165, 1.5996087930644236, 1.0861466821885915, 0.9389721627408993
11216,64,3245,50.7,3.9,4,Caribbean,16,Breakfast & Brunch,7,Coffee & Tea,7,621144,250388,61909,56.9,45187,2604,4570,19587,6735,5898,3448,2345,16817,19973,7856,4656,8297,11411,12.7,706,0.07,891,4871,25%,25%,Central Brooklyn,Brooklyn,735300,1013100,0.044,0.052,0,900000,0,1367,0.072,550,0.248,0.3616580311,0.0826943005,0.4020725389,0.1405181347,0,0,0.0095336788,0.061971831,0.2150905433,0.0217303823,0.0229376258,0.1416498994,0.5261569416, 	1907.052849861, 1196.53923566, 0.0, 0.0, 0.7312184217922223, 0.817, 0.0
11217,90,14324,159.2,3.8,3.8,American (New),14,Italian,9,Sandwiches,8,1188471,929501,115622,69.3,32655,1033,2264,17194,4852,3475,2189,1648,12833,14952,2755,2561,3516,16689,11.2,363,0.44,205,10315,16%,51%,Northwest Brooklyn,Brooklyn,987200,2561900,0.17,0.167,892,1100000,975200,2260,0.075,1002,0.079,0,0,0,0,0,0,0,0.1311985768,0.2283744719,0.1220813876,0.0602623972,0.1045141205,0.3382254837, 	0.0, 1415.74382933, 0.0, 0.8865454545454545, 1.2896139245351455, 0.8974545454545455, 0.8902195608782435
11218,70,3348,47.8,3.8,3.7,Mexican,14,Pizza,10,American (New),7,515080,420671,72848,59.4,56904,3829,5771,23207,9339,7792,3474,3492,22633,23476,8878,7142,7895,16423,12.2,813,0.06,1190,5962,20%,29%,Borough Park,Brooklyn,758200,886800,0.162,0.145,543,400000,445500,2509,0.066,486,0.137,0.1124738259,0.0676039485,0.276697577,0.4539335926,0.0349985043,0.0170505534,0.0372419982,0.0804745569,0.0879073756,0.1096340766,0.1373642081,0.2454259577,0.3233276158, 	1928.31588374, 1263.67924511, 231.03061264835176, 1.11375, 1.53537028280865, 1.8955, 1.117283950617284
11219,45,881,19.6,3.7,3.8,Chinese,9,Kosher,7,Italian,6,654645,353673,53595,53.5,66061,5221,7453,24913,10348,8855,3334,5937,26480,25089,14588,14135,7185,8208,12.5,1468,0.01,3370,4273,20%,12%,Borough Park,Brooklyn,0,828300,0,0.143,0,589000,452500,1893,0.04,500,0,0.0200721154,0.1013221154,0.1855769231,0.4501201923,0.0408653846,0.0865384615,0.1155048077,0.0353719763,0.2665449566,0.079529895,0.0880876312,0.158261068,0.3603377453, 	1943.7872596140003, 1563.65814678, 232.79296525992152, 0.7682512733446519, 1.3273838257894734, 0.0, 0.0
11220,197,4922,25,3.8,3.7,Chinese,75,Mexican,23,Latin American,11,673611,342486,55896,56.9,78814,5110,7940,33709,12920,9662,4925,4548,33230,31001,11148,26620,7323,11200,13.7,400,0.06,3153,4094,38%,14%,Sunset Park,Brooklyn,633400,768700,0.069,0.113,539,369000,275000,1498,0.069,522,0.193,0.0790945753,0.0446207883,0.3985950306,0.4255236113,0.0343436972,0.0102770912,0.0075452062,0.0670383982,0.0904828285,0.0444810544,0.066024585,0.1879356229,0.5374477253, 	1923.538441714, 946.45799017, 142.96568970826328, 0.7452574525745257, 1.3388917909721951, 1.716531165311653, 1.0325670498084292
11221,46,1655,36,3.8,3.8,Pizza,7,Cafes,5,Latin American,4,473474,184801,57844,51.7,62030,4951,6639,25695,10334,7707,3933,2771,22828,27547,12565,12000,10698,8473,11.5,1348,0.03,1723,5035,15%,14%,Bushwick and Williamsburg,Brooklyn,717800,772300,0.056,0.168,397,940000,0,1251,0.116,343,0.34,0.3054079826,0.1059801117,0.3133088135,0.1881215093,0.0020433183,0,0.0847296009,0.0139208001,0.1751588052,0.0152723341,0.0458170023,0.2132720638,0.5323692391, 	1923.2720337240003, 1183.9978374, 0.0, 0.0, 0.43203325343425536, 0.7636170212765957, 1.1574344023323615
11222,40,5375,134.4,4.1,4.2,American (New),9,Pizza,5,Vegan,4,847547,468436,83432,69.3,30617,846,2900,15923,4298,3793,1403,1454,13706,13208,4057,1724,5397,12836,11.5,765,0.18,228,7245,23%,42%,Greenpoint,Brooklyn,842400,1208000,0.06,0.137,895,895000,700000,490,0.107,858,0.278,0.2134292566,0.1705302425,0.3309352518,0.2573940847,0.0063948841,0.0109245937,0.0103916867,0.1581709145,0.1581709145,0.0704647676,0.0932033983,0.1861569215,0.3215892054, 	1927.9696245, 1352.19890025, 363.0762596591936, 0.7821229050279329, 1.2962979401279329, 0.9412290502793296, 1.043123543123543
11223,117,3763,32.2,3.8,3.6,Chinese,15,Russian,12,Italian,12,718651,540864,66288,48.7,60185,3202,4288,19854,9336,9381,8205,5919,20801,22058,11924,9262,7692,9693,12,514,0.06,1869,5537,13%,16%,Southern Brooklyn,Brooklyn,0,0,0,0.202,508,500000,651200,3495,0.042,447,0,0.0043218769,0.0535089525,0.0668861906,0.7026137065,0.094772587,0.0667832887,0.0111133978,0.0296847904,0.1165969601,0.1403651943,0.1547485464,0.2497194736,0.3023564215, 	1937.468614943, 1389.88064872, 336.1086703431107, 1.3024, 1.24255329995568, 0.0, 1.1364653243847875
11224,26,1685,64.8,3.5,3.3,American (Traditional),7,Pizza,4,Mexican,3,483050,319333,58910,40.9,37843,2450,2722,8432,6195,6368,5988,5688,10571,13146,6041,4402,4957,5595,10.3,1456,0.04,584,5728,27%,15%,Southern Brooklyn,Brooklyn,446100,431900,0.45,0.215,384,449000,275300,2022,0.046,344,0.04,0,0.0445134576,0.0420979986,0.2194616977,0.0414078675,0.3305728088,0.320220842,0.2361382909,0.060665362,0.2596216569,0.1842791911,0.1382909328,0.1193737769, 	1962.2084196280002, 1351.33724702, 140.3011001513244, 0.613140311804009, 1.0353229687636525, 0.9935412026726058, 1.1162790697674418
11225,40,1293,32.3,3.7,4,Caribbean,10,Cafes,6,American (Traditional),4,828662,359105,57419,57,47751,3165,5541,17892,7471,7655,3445,2582,16937,21622,8772,5582,9553,9111,12.4,1194,0.03,1478,4647,25%,19%,Flatbush,Brooklyn,898400,1115900,0.081,0.107,476,1250000,375200,3528,0.055,530,0.138,0.0466396292,0.0666280417,0.4269988413,0.4443800695,0.0066628042,0.0031865585,0.0055040556,0.0522178551,0.1221224031,0.0597978664,0.1313868613,0.2209432903,0.3975294778, 	1924.849362685, 1237.81583365, 194.9243443531748, 0.30016, 0.5248339134676, 0.71872, 0.8981132075471698
11226,77,2279,29.6,3.6,3.7,Caribbean,17,Chinese,17,Mexican,8,926949,300388,55125,58.6,79179,6072,7987,30839,14462,10615,5899,3305,28495,35408,19156,9649,15253,11858,12.1,1028,0.03,2675,4567,22%,15%,Flatbush,Brooklyn,625800,821700,0.085,0.109,446,529000,450600,3442,0.061,402,0.25,0.1201345507,0.0480538203,0.4036520903,0.4089380106,0.0088899568,0.0060067275,0.0043248438,0.0649233544,0.1212804328,0.0703336339,0.1061767358,0.1995040577,0.4136609558, 	1921.162902451, 1174.77457161, 234.54544090203342, 0.8517958412098299, 0.8927398445883176, 1.1829867674858223, 1.109452736318408
11228,46,1267,27.5,3.6,3.6,Pizza,11,Italian,8,Sandwiches,7,682584,436057,88579,51.7,35870,2190,2880,11979,5812,5455,4055,3499,13469,12657,6798,3809,5053,7586,11.9,780,0.04,1304,7469,24%,21%,Southwest Brooklyn,Brooklyn,749500,756600,0.078,0.235,485,689000,685000,4584,0.038,475,0.12,0.0161290323,0.0272258065,0.1086451613,0.6790967742,0.1187096774,0.0356129032,0.0145806452,0.0181403019,0.0761131549,0.1286312318,0.159203349,0.2956996067,0.318914119, 	1933.7612905180004, 1322.19967017, 354.2319330513167, 0.9941944847605225, 0.9115309772579826, 1.0878084179970973, 1.0210526315789474
11229,56,1948,34.8,3.8,3.8,Sushi Bars,9,Chinese,8,Japanese,8,455124,409914,75036,53.3,64976,3840,5119,19954,12132,11237,5494,7200,23760,24682,11575,5820,9706,16222,11.7,1160,0.03,1867,6388,16%,25%,Southern Brooklyn,Brooklyn,567700,577900,0.258,0.236,394,240000,379300,3598,0.045,291,0.059,0,0.0475228391,0.0310084329,0.6459943781,0.2279515109,0.0328531272,0.0142304989,0.0829184549,0.0456652361,0.2069527897,0.2480686695,0.2549356223,0.1533905579, 	1938.5857344219999, 1427.93133053, 195.65809923443516, 1.5804166666666666, 1.731366738267625, 2.3654166666666665, 1.3539518900343643
11230,70,3165,45.2,3.8,3.7,Kosher,19,Pizza,10,Fast Food,6,599428,540395,68061,52.1,64903,5031,6760,21971,9835,10288,5079,5939,24278,24576,10448,5960,9842,15844,12.4,927,0.05,1436,5476,27%,24%,Borough Park,Brooklyn,851800,930900,0.131,0.163,486,289000,322900,4555,0.05,363,0.173,0.0136,0.0404,0.2110666667,0.6464,0.0378666667,0.0324,0.0182666667,0.0459190273,0.1140861467,0.1014099082,0.1746216531,0.2132971155,0.3344974777, 	1931.2120001949997, 1305.63963277, 167.20070089011247, 1.1173010380622836, 1.639955663306263, 2.9474048442906575, 1.3388429752066116
11231,97,11584,119.4,3.8,3.9,American (New),16,Italian,11,Mexican,11,1165898,797860,112649,65.9,28146,1086,1765,14569,3977,3443,1751,1555,10891,12863,2926,2112,3254,13697,11.2,290,0.41,236,10025,16%,49%,Northwest Brooklyn,Brooklyn,897400,2230300,0.118,0.175,891,1335800,865000,2028,0.061,1000,0.106,0.4259752847,0.104191907,0.192149261,0.2469105888,0.005088442,0.005088442,0.0205960746,0.1690317195,0.1375208681,0.1020450751,0.0648998331,0.1798831386,0.3355592654, 	1917.9525080709998, 1268.1552588, 451.00178255716173, 0.6475520287468184, 0.9493601278634526, 0.671807156759994, 0.891
11232,47,1525,32.4,4.1,4,Chinese,7,Mexican,7,Latin American,5,602892,320453,57937,56.2,22923,1453,2840,11237,3417,2105,1070,801,11221,8378,4026,5334,3465,3934,12,488,0.07,708,4833,15%,17%,Sunset Park,Brooklyn,572900,739300,0.166,0.205,605,400000,307200,383,0.08,466,0.29,0.087594697,0.1070075758,0.4971590909,0.2651515152,0.0175189394,0.0080492424,0.0175189394,0.1458707361,0.0830341113,0.0763016158,0.1288150808,0.2378815081,0.3123877917, 	1925.7670456490002, 1242.0107720300002, 159.52085206467478, 0.768, 1.4469425494149502, 1.43225, 1.298283261802575
11233,29,1443,49.8,3.6,3.9,Chinese,4,Sandwiches,4,Breakfast & Brunch,3,440877,173469,58178,52.2,51398,4243,5177,20172,9781,5043,4543,2439,17251,22922,11313,6624,9815,7244,11.1,1772,0.03,1032,5261,14%,14%,Central Brooklyn,Brooklyn,0,614800,0,0.102,412,549000,0,763,0.043,358,0,0.3686547284,0.1447387894,0.3355039219,0.089388782,0,0,0.0603818263,0.0360255665,0.1236199884,0.0335560721,0.0753922138,0.2203660662,0.5052295177, 	1919.7276899019996, 1104.72109236, 0.0, 0.0, 0.720382788824918, 0.0, 1.1508379888268156
11234,32,1138,35.6,3.6,3.8,Italian,6,Pizza,5,Asian Fusion,4,445226,370619,85627,58.2,75290,5273,6715,24281,13770,12621,6662,5968,26510,30877,13708,4013,15725,17226,10.7,2353,0.02,2115,8013,19%,23%,Canarsie and Flatlands,Brooklyn,463500,469400,0.274,0.155,348,559000,464300,3758,0.029,379,0.037,0.0011759675,0.0251763951,0.0079645072,0.4715095146,0.197509087,0.2588197563,0.0378447723,0.0589439429,0.0346945203,0.2598677304,0.2161452866,0.2437539366,0.1848099937, 	1948.1296771430002, 1353.4012178799999, 238.33115703104122, 0.8305903398926655, 0.9176011835000357, 0.8291592128801432, 0.9182058047493403
11235,119,4998,42,3.7,3.8,Russian,25,Pizza,12,Japanese,12,523710,470995,76282,51.3,61636,2791,4303,18207,11379,10284,6405,8267,20840,23333,9154,3572,8574,18570,11.9,518,0.08,1468,6389,21%,30%,Southern Brooklyn,Brooklyn,587000,626900,0.378,0.21,464,429000,263600,1733,0.071,445,0.009,0,0,0,0,0,0,0,0.1218798956,0.0662140992,0.1746214099,0.1702349869,0.2644386423,0.1847519582, 	0.0, 1397.4934724700001, 0.0, 0.6144522144522144, 1.4496144411402099, 1.3682983682983683, 1.0426966292134832
11236,34,240,7.1,3.6,3.7,Restaurants,8,Caribbean,8,Chinese,4,365693,205379,74263,59.8,77225,6518,7649,26350,15609,11945,5375,3779,26880,34673,16090,6224,17270,14320,10.8,2271,0,10877,6904,24%,19%,Canarsie and Flatlands,Brooklyn,359200,375100,0.431,0.158,294,379000,24000,2991,0.024,301,-0.004,0.0029063431,0.0208530117,0.0236866962,0.2203008065,0.2474024559,0.4623265276,0.022524159,0.0653490152,0.0285336488,0.1448256664,0.2234671863,0.2737142459,0.2620920036, 	1955.662282933, 1274.20836503, 12.272057506782847, 0.0633245382585752, 1.011970231857599, 0.9477572559366755, 0.9767441860465116
11237,97,4926,50.8,4,4,Mexican,17,Breakfast & Brunch,9,Sandwiches,8,568157,201011,54144,57.3,41649,3384,6078,19586,5525,3868,1964,1244,18680,16377,5914,14061,4247,4757,11.9,429,0.12,820,4559,18%,11%,Bushwick and Williamsburg,Brooklyn,0,0,0,0.053,605,749000,404600,958,0.113,618,0,0.0488454707,0.0772646536,0.343250444,0.4555950266,0.039964476,0.0053285968,0.0297513321,0.0663829787,0.290212766,0.0591489362,0.0510638298,0.0961702128,0.430212766, 	1929.387210976, 1465.7872343000001, 209.70388820776364, 0.5401869158878505, 1.2094212427201603, 0.0, 0.9789644012944984
11238,110,14163,128.8,3.8,3.8,American (New),19,Mexican,14,Breakfast & Brunch,11,753874,537757,93028,66.8,44420,1563,4513,21952,5939,5384,2786,2283,17428,20360,4323,2522,6337,20093,12.1,404,0.32,345,7716,17%,45%,Central Brooklyn,Brooklyn,786600,1840000,0.083,0.135,0,715000,690200,1519,0.09,793,0.238,0,0,0,0,0,0,0,0.1726829268,0.167804878,0.1180487805,0.0604878049,0.1225365854,0.3289756098, 	0.0, 1272.54634138, 0.0, 0.9653146853146853, 1.4113695786214546, 1.1001398601398602, 0.0
11239,6,194,32.3,2.8,2.6,Burgers,1,Sports Bars,1,Caribbean,1,372719,289723,50777,39.3,10617,633,1125,2895,1592,1082,1382,1908,1907,4787,1546,711,1984,1328,13.9,1770,0.02,329,3643,17%,13%,Canarsie and Flatlands,Brooklyn,0,0,0,0.273,0,342000,0,950,0.08,0,0,0,0.6083550914,0,0,0,0,0.3890339426,0,0,,0.2708333333,0.3489583333,0.3697916667, 	1990.887728574, 1659.89583331, 0.0, 0.0, 0.0, 0.0, 0.0
11354,141,12877,91.3,3.7,3.8,Chinese,50,Korean,40,Taiwanese,13,526039,510054,67889,55,48361,2365,3144,16863,8360,7702,4762,5165,17458,18611,9778,5575,7222,10350,13.3,343,0.27,530,5122,35%,21%,North Queens,Queens,570700,725100,0.168,0.18,517,275000,219300,2689,0.061,399,0.165,0,0,0,0,0,0,0,0.2649514398,0.0557164764,0.1465326291,0.1414210257,0.1894700971,0.1882773897, 	0.0, 1265.53075479, 0.0, 0.7974545454545454, 1.8361700769498543, 2.0752727272727274, 1.2957393483709274
11355,143,6180,43.2,3.7,3.8,Chinese,68,Korean,16,Food Stands,7,471032,426560,63336,55.9,71330,3701,6370,25427,14338,9711,5926,5857,27836,28010,12934,12338,9746,14458,13.7,499,0.09,1651,4607,48%,20%,North Queens,Queens,573900,653700,0.195,0.099,516,379000,305000,2487,0.057,471,0.078,0,0.1361302442,0.0484658735,0.2477144646,0.3109580463,0.1670632436,0.0892924233,0.2332537246,0.0360514045,0.1695667008,0.190606164,0.1741157739,0.1837825543, 	1956.0939260069997, 1237.13180935, 155.92298301472695, 0.8047493403693932, 1.5374382116196568, 1.5142480211081795, 1.0955414012738853
11356,35,882,25.2,3.6,3.6,Pizza,6,Chinese,4,Delis,4,554452,395517,77064,60.7,18260,1282,1499,7055,3071,2682,1329,1342,7225,7082,3765,2312,3271,3460,10.9,522,0.05,725,7066,17%,19%,North Queens,Queens,534500,560100,0.16,0.333,442,558000,480000,3393,0.045,424,0.111,0,0.1276240458,0.1071087786,0.3874045802,0.161259542,0.1395515267,0.0765744275,0.0800533689,0.0320213476,0.1387591728,0.2185901712,0.2899710918,0.2370469202, 	1949.272423736, 1320.5247943200002, 246.24572438162645, 0.8602150537634409, 1.003409521132043, 0.9578853046594982, 1.0424528301886793
11357,38,1503,39.6,3.8,3.7,Italian,15,Pizza,7,Delis,4,498795,578698,97365,55.1,33337,1663,2185,9754,6527,5089,3776,4343,11312,12243,5070,1816,5898,8586,11.4,877,0.05,842,8515,39%,26%,North Queens,Queens,715200,716600,0.183,0.333,526,560000,564300,5259,0.044,436,0.054,0,0.0446056984,0.0175008003,0.2420232633,0.4654786042,0.1887738769,0.0415110447,0.0371940235,0.0443997033,0.2792200911,0.2124615874,0.2286743669,0.1915863092, 	1951.9176181779999, 1352.25177503, 289.10031588666163, 1.0076785714285714, 1.0528245962733571, 1.2771428571428571, 1.2064220183486238
11358,103,3867,37.5,3.6,3.7,Korean,42,Japanese,13,Pizza,10,597814,476958,87032,57.3,32883,1654,2492,11624,6389,5140,2964,2620,12593,13052,5210,2906,5579,9458,12,319,0.12,877,7242,41%,29%,North Queens,Queens,678600,684400,0.088,0.262,463,788000,748900,4915,0.037,479,0.079,0.0018326206,0.0321319487,0.0204031765,0.4447159438,0.386927306,0.0901649359,0.0238240684,0.0431179438,0.0294258948,0.1982944992,0.296540956,0.25822724,0.1704299784, 	1944.542455522, 1403.74729772, 385.12915872487986, 0.9503807106598985, 0.8532930908729441, 0.8611675126903553, 0.9665970772442589
11360,18,805,44.7,3.2,3.3,Burgers,3,Steakhouses,3,American (Traditional),3,457892,546649,99635,53.6,17877,899,1111,4771,3152,3154,1978,2812,5914,6274,2048,509,2590,5930,11.1,993,0.05,400,8955,17%,33%,North Queens,Queens,641600,831800,0.429,0.346,566,332000,328200,3899,0.059,422,0,0,0,0,0,0,0,0,0,0,0,0,0,0, 	0.0, 0.0, 0.0, 0.9885542168674699, 0.0, 1.9325301204819276, 1.3412322274881516
11361,103,6446,62.6,3.6,3.5,Korean,22,Pizza,11,Chinese,11,535289,481871,91829,58.9,24241,1396,1589,8316,4996,3579,2229,2136,8780,9700,3527,1575,4123,7666,10.7,235,0.27,387,8574,21%,32%,Northeast Queens,Queens,657200,664500,0.139,0.324,515,635000,597900,4709,0.038,498,0.045,0,0.0372393247,0.025653757,0.3694141013,0.3849718636,0.1342270771,0.0483283681,0.050166113,0.0244186047,0.2950166113,0.2089700997,0.2323920266,0.1842192691, 	1947.7424692050001, 1314.46843886, 306.97076715898777, 0.9415748031496063, 1.030874460712252, 1.03496062992126, 1.034136546184739
11362,54,1961,36.3,3.6,3.5,Japanese,8,Chinese,6,Italian,6,439315,625327,102857,58.2,15402,941,728,4245,3264,2644,1815,1765,5245,5636,1576,749,2227,5601,12,285,0.13,424,8567,15%,36%,Northeast Queens,Queens,768400,797900,0.224,0.274,505,368000,572300,5670,0.042,479,0.061,0,0,0,0,0,0,0,0.0689213426,0.0494491417,0.2846528312,0.1865231873,0.2439149372,0.1606456572, 	0.0, 1399.1801179600002, 0.0, 1.5551630434782608, 1.8212154252794568, 2.0880434782608694, 1.0542797494780793
11363,8,267,33.4,3.7,3.9,Italian,3,Delis,2,Barbeque,1,1382042,733276,137070,63.1,6025,328,463,1713,1303,1052,623,543,2376,2155,503,177,849,2539,12.8,753,0.04,180,10703,38%,42%,Northeast Queens,Queens,853700,862400,0.449,0.454,518,785000,0,5999,0.037,481,-0.02,0,0.034607438,0.0237603306,0.5242768595,0.2091942149,0.1787190083,0.0294421488,0.0642154324,0.08751942,0.196271362,0.1563956499,0.2703262558,0.2206110823, 	1945.046487799, 1432.72915582, 0.0, 0.0, 0.8778888203177325, 1.087515923566879, 1.0769230769230769
11364,31,1434,46.3,3.6,3.6,Chinese,6,Italian,5,Pizza,5,417441,547350,84975,57.7,28854,1344,1657,9465,5867,4968,2844,2709,10471,11486,4292,1329,5209,9470,12.2,931,0.05,623,6952,19%,33%,Northeast Queens,Queens,701500,712000,0.166,0.226,512,219000,259300,5124,0.047,344,0.043,0,0,0,0,0,0,0,0.0607907486,0.0100015627,0.3455227379,0.2248788873,0.2037818409,0.1517424598, 	0.0, 1299.1717453699998, 0.0, 1.1840182648401827, 2.040708129713607, 3.2031963470319633, 1.4883720930232558
11365,27,1322,49,3.4,3.2,Chinese,9,Pizza,4,Burgers,3,536249,472900,74094,54.2,33467,1904,2623,10982,6614,5088,3184,3072,11958,13349,4571,2638,6447,9028,11.3,1240,0.04,683,6539,33%,27%,Central Queens,Queens,662200,681600,0.124,0.169,489,650000,551300,4742,0.042,424,0.093,0,0.043956044,0.0016558784,0.1047719404,0.7114255607,0.0836971248,0.0544934518,0.102661597,0.0301257678,0.256069026,0.2658672126,0.2022521205,0.1402456859, 	1953.889809019, 1368.5141854899998, 282.15511307507876, 0.8481538461538461, 0.892692330227323, 1.0187692307692309, 1.153301886792453
11366,42,1155,27.5,3.5,3.5,Chinese,9,Kosher,8,Pizza,6,567677,505017,96576,55,11191,748,1113,3075,2100,2046,1151,958,4036,4298,1346,708,1613,3554,11.2,266,0.1,407,8634,21%,32%,Central Queens,Queens,690500,692400,0.162,0.188,476,769000,650000,5027,0.037,498,0.055,0,0.0132956153,0,0.1782178218,0.7504950495,0.0446958982,0.0118811881,0.0259776536,0.006424581,0.3480446927,0.2902234637,0.2715083799,0.0567039106, 	1945.7114569720002, 1501.2849161499998, 334.06803340283454, 0.8452535760728218, 0.9722235217720415, 0.8979193758127438, 0.9558232931726908
11367,47,1320,28.1,3.5,3.4,Pizza,9,Kosher,8,Chinese,6,312345,431336,75968,54.5,30346,1703,2732,11144,5012,4410,2752,2593,11433,11865,4238,1936,5118,9274,11.5,646,0.04,1080,6598,19%,31%,Central Queens,Queens,565300,584900,0.125,0.179,443,199900,263500,4182,0.053,287,0.077,0,0.0108322802,0,0.0584943131,0.7459830294,0.168803033,0.0151651923,0,0,0,0,0,0, 	1951.9461997, 0.0, 134.9934747384421, 1.31815907953977, 0.0, 2.8279139569784895, 1.543554006968641
11368,76,2505,33,4.1,4,Latin American,24,Mexican,13,Pizza,8,489234,234394,58744,64.2,81574,5477,9349,38779,11880,8164,4299,3626,37777,30395,17659,22958,10969,7237,12.2,1073,0.03,2472,4802,32%,9%,West Queens,Queens,404100,514900,0.131,0.097,460,260000,230000,1151,0.058,409,0.087,0,0.1604301075,0.1717562724,0.4488888889,0.0368458781,0.1261648746,0.0551971326,0.0897292771,0.1278258443,0.0728439855,0.1152665364,0.233463578,0.3551493162, 	1945.506809992, 1312.01507122, 118.22112306096002, 0.8846153846153846, 2.063900631265308, 1.5542307692307693, 1.1246943765281174
11369,21,533,25.4,3.2,3.3,Chinese,4,Burgers,3,Sandwiches,3,549043,273238,67540,61.6,31857,2200,3639,12856,5257,3909,2038,1958,13440,12221,7361,5531,4896,4234,11.4,1517,0.02,1254,5915,19%,13%,West Queens,Queens,508700,508700,0.108,0.146,398,419000,325000,3781,0.045,315,0.104,0,0.0394549522,0.0687411023,0.5078299776,0.3050640635,0.0557250356,0.0229814928,0.0148585386,0.0242214533,0.150620802,0.2525951557,0.3637288826,0.193364543, 	1940.70368119, 1450.78363546, 167.46502990127613, 0.7756563245823389, 1.0906845946775656, 1.2140811455847256, 1.2634920634920634
11371,2,30,15,3.6,4.3,Buffets,1,Pizza,1,n/a,n/a,?,?,-0,-0,0,0,0,0,0,0,0,0,0,0,0,0,0,0,11,?,?,?,?,50%,?,West Queens,Queens,517700,581600,0.21,0.184,434,389000,325000,2413,0.034,405,0.067,0,0.0231097714,0.0095453404,0.2891233358,0.3966340116,0.2614920874,0.0198442602,0.2093442952,0.0272709044,0.0814116703,0.2131542009,0.2197714057,0.2480449168, 	1950.5249936540001, 1207.78022881, 166.62180749151227, 0.8354755784061697, 1.2574575646993573, 1.330848329048843, 1.0716049382716049
11372,158,7387,46.8,3.7,3.8,Latin American,38,Indian,18,Mexican,16,429791,321859,63975,62.5,53076,2321,4570,21569,10209,7123,4133,3151,23224,20247,9202,9498,8606,11595,12.8,336,0.14,1134,5000,24%,22%,West Queens,Queens,483800,647500,0.117,0.136,447,238000,226700,2520,0.063,298,0.153,0,0,0,0,0,0,0,0,0,0,0,0,0, 	0.0, 0.0, 0.0, 0.9525210084033613, 0.0, 2.0327731092436974, 1.5
11373,122,7288,59.7,3.7,3.7,Chinese,26,Thai,13,Mexican,11,534687,329027,62190,58.6,80723,4296,7666,34878,13537,9781,6517,4048,34627,31235,14718,16445,11739,15294,13,662,0.09,1352,4771,21%,19%,West Queens,Queens,437000,605100,0.229,0.156,458,265000,239000,2248,0.05,358,0.016,0,0.0717907659,0.081265012,0.346810782,0.2049639712,0.1832132373,0.1119562317,0.1706257982,0.0848020434,0.1090676884,0.151596424,0.1851851852,0.2841634738, 	1951.5452363839997, 1238.23754784, 122.46705612770776, 0.9018867924528302, 1.6727888382140377, 1.649056603773585, 1.2793296089385475
11374,60,3209,53.5,3.5,3.6,Chinese,10,American (Traditional),7,Russian,5,462536,431358,82140,59.4,35890,1255,2009,14257,5633,6032,3427,3277,13096,14835,4296,1398,6420,13808,11.8,598,0.09,671,6943,17%,38%,West Central Queens,Queens,587700,655000,0.208,0.198,489,279000,253600,3425,0.056,412,0.064,0,0,0,0,0,0,0,0,0,0,0,0,0, 	0.0, 0.0, 0.0, 0.9089605734767026, 0.0, 2.106451612903226, 1.1868932038834952
11375,90,11095,123.3,3.6,3.6,American (New),12,American (Traditional),9,Italian,8,422070,715197,103767,59.9,59383,2116,2900,22296,9902,9149,5698,7322,20482,23765,5863,1633,8075,25776,11.7,660,0.19,482,8852,13%,43%,West Central Queens,Queens,755000,817800,0.235,0.217,565,285000,282400,4985,0.058,377,0.057,0,0,0,0,0,0,0,0,0,0,0,0,0, 	0.0, 0.0, 0.0, 0.9908771929824561, 0.0, 2.6491228070175437, 1.4986737400530503
11377,44,5898,134,3.9,3.9,Filipino,7,Mexican,7,Thai,7,458674,313172,65127,61.2,73191,3653,6620,32629,11077,9493,5292,4427,30410,29409,12474,11744,12363,16618,12.3,1663,0.08,546,5304,16%,23%,West Queens,Queens,566200,582400,0.192,0.123,474,249000,226800,3525,0.061,400,0.046,0,0.0642228739,0.0775659824,0.381085044,0.2887096774,0.1347507331,0.0529325513,0.0712312836,0.0600377962,0.1139700538,0.2120947812,0.26079372,0.2744584969, 	1945.869501328, 1311.1498764, 116.55457873470729, 0.9108433734939759, 2.106264861686747, 2.273895582329317, 1.185
11378,14,755,53.9,4,4,Italian,4,Pizza,4,Burgers,2,469353,311319,72296,58.6,26329,1192,2041,9861,4528,4301,2168,2238,10168,10563,6162,2933,4971,4624,11.5,1881,0.03,488,6276,29%,18%,West Queens,Queens,532200,534100,0.112,0.174,456,525000,480000,3475,0.034,381,0.102,0.0051583321,0.0332425849,0.1326837656,0.4688350767,0.2534747098,0.0842527583,0.0223527726,0.044269341,0.0326647564,0.1895415473,0.26747851,0.2603151862,0.2047277937, 	1939.247743231, 1363.9398278200001, 247.51865854966383, 0.9142857142857143, 0.9898306179036572, 1.0137142857142858, 1.1968503937007875
11379,32,650,20.3,3.7,3.7,Pizza,7,Chinese,6,Delis,5,494825,365401,87982,56.7,30176,1587,1927,9837,5395,4892,3155,3383,10778,11273,6090,2001,5412,6621,11.7,943,0.02,1487,7491,22%,22%,West Central Queens,Queens,565400,570400,0.096,0.162,469,598000,569700,4144,0.028,403,0.056,0,0.0348363043,0.0321565886,0.3581498311,0.3918210416,0.1605499243,0.0220202726,0.0654734411,0.0252886836,0.224595843,0.273556582,0.2234411085,0.1856812933, 	1946.4755913139998, 1332.94457271, 292.6828379159971, 0.952675585284281, 0.898288733782826, 0.9454849498327759, 1.163771712158809
11385,65,3597,55.3,3.7,3.9,Italian,8,Pizza,7,American (Traditional),6,543753,262019,69057,57.8,79044,5286,7886,31683,13498,10551,5628,4512,31348,32270,19472,10397,14384,11479,11.8,1216,0.05,1429,5843,12%,15%,West Central Queens,Queens,475200,484200,0.172,0.212,393,507000,440300,3621,0.038,373,0.07,0.0037677123,0.0196576296,0.3013350807,0.5690883774,0.0717503481,0.0277664018,0.00663445,0.0299386701,0.0751291156,0.1269367334,0.1225790833,0.2508069722,0.3926726921, 	1928.142353807, 1175.5487412399998, 228.3545087480986, 0.8684418145956607, 0.8648514407939248, 0.9372781065088758, 1.0536193029490617
11411,20,62,3.1,3.2,3.4,Restaurants,4,Caribbean,4,Fast Food,3,300821,284382,88234,57.6,16565,1290,1393,4550,3202,2720,1893,1517,5748,6117,2723,865,3516,3368,13.6,828,0,5344,6512,20%,20%,Southeast Queens,Queens,375100,375100,0.348,0.172,297,399000,386000,3593,0.026,301,0.011,0,0,0,0.2127415343,0.7503348001,0.0338626363,0,0.0577769275,0,0.5205662904,0.277597092,0.1207193419,0.0221924622, 	1940.4534149049998, 1380.12244117, 198.92258017381863, 0.9674185463659147, 1.0411449994791229, 0.9401002506265664, 0.9867109634551495
11412,23,60,2.6,3.3,3.2,Caribbean,5,Restaurants,4,Indian,2,299276,240537,81575,59.6,29839,2279,3048,9471,6139,4042,2591,2269,10033,12667,5674,1982,7316,4680,11.2,1297,0,11477,7314,22%,16%,Jamaica,Queens,361000,361000,0.398,0.121,253,379900,379800,3132,0.032,243,0.004,0,0.0200215801,0.0125884187,0.661431483,0.2746673061,0.0208608081,0.0101906246,0.0295034781,0.0040777165,0.3201007436,0.3663948189,0.2031662269,0.0766370832, 	1937.6261839130002, 1441.18493655, 196.01304067485347, 0.9997367728349565, 0.9218424311177942, 0.9502500658067913, 1.0411522633744856
11413,28,221,7.9,3.5,3.7,Caribbean,8,Chinese,5,Fast Food,3,317517,251296,86603,60.9,31544,2131,2794,9966,6306,5078,2980,2289,10374,13770,5368,2575,7533,5874,11.4,1127,0.01,3993,7604,29%,19%,Southeast Queens,Queens,373800,373800,0.338,0.137,295,369000,350000,3431,0.025,285,0.024,0,0.0419330372,0.012894138,0.4260483259,0.3918084299,0.0854913858,0.0418246831,0.0655097614,0.0091106291,0.325813449,0.2728850325,0.2219088937,0.1045553145, 	1946.442734667, 1391.90889373, 179.8152053314214, 0.948509485094851, 1.0750515845882114, 1.0130081300813008, 1.0350877192982457
11414,41,1550,37.8,3.6,3.3,Italian,9,Pizza,7,Chinese,5,306633,361987,87326,54,23994,1131,1392,6946,3974,4120,3215,3216,7530,8902,4691,1937,4283,4129,11.9,585,0.06,635,7318,22%,17%,Southwest Queens,Queens,533600,571200,0.479,0.281,338,227000,195100,3693,0.037,275,-0.001,0,0.0283448625,0.0118103594,0.1542095495,0.2443057196,0.5260671503,0.034587481,0.1181863644,0.0256709452,0.1640273379,0.1220203367,0.3500583431,0.2142023671, 	1958.44946849, 1337.78963183, 99.61962416647167, 0.8594713656387665, 1.62067025882489, 2.3506607929515417, 1.229090909090909
11415,38,1425,37.5,3.5,3.4,Pizza,6,Chinese,5,Burgers,4,348969,425629,81325,61.7,16445,880,1350,6431,2435,2698,1532,1119,6445,6469,2001,904,3167,5492,11.9,433,0.09,439,6855,16%,33%,Southwest Queens,Queens,508900,791800,0.233,0.225,429,199000,212800,3652,0.052,259,0.168,0,0,0,0,0,0,0,0,0,0,0,0,0, 	0.0, 0.0, 0.0, 1.0693467336683418, 0.0, 2.557286432160804, 1.6563706563706564
11416,34,262,7.7,3.4,3.4,Chinese,8,Pizza,5,Spanish,3,351574,194213,69911,56.1,19293,1763,2053,7499,3325,2421,1314,918,7125,8173,4319,2794,3403,2729,12.8,567,0.01,2506,5470,24%,14%,Southwest Queens,Queens,384200,389500,0.079,0.167,325,435000,0,3024,0.031,263,0.114,0,0.0458477509,0.2024221453,0.6052479815,0.0694925029,0.0559400231,0.0190311419,0.0308535179,0.026816609,0.1862745098,0.1955017301,0.3160322953,0.243656286, 	1930.034602161, 1327.3933103499999, 0.0, 0.0, 0.8025389439587356, 0.8832183908045977, 1.2357414448669202
11417,37,372,10.1,3.6,3.4,Pizza,11,Italian,5,Restaurants,5,365251,243403,77270,58.7,23769,1432,2480,9186,4649,3027,1726,1269,9588,9754,5963,3084,4409,3406,12.1,642,0.02,2353,6397,30%,14%,Southwest Queens,Queens,383200,387000,0.275,0.158,326,449000,335500,3196,0.033,292,0.023,0,0.0291370938,0.0345536048,0.6709002615,0.1449383638,0.0952558835,0.0237205827,0.0447161891,0.0144186895,0.3613798138,0.2069720752,0.2233984304,0.1480197116, 	1936.596936941, 1330.57127202, 173.24203792759653, 0.7472160356347439, 0.8653158383738084, 0.8534521158129176, 1.1164383561643836
11418,48,615,12.8,3.7,3.5,Delis,7,Indian,6,Chinese,6,369768,275329,70183,61,29093,1965,2731,11602,5310,4188,1818,1479,12258,11573,6170,4702,4694,5534,11.6,606,0.02,2273,6073,15%,19%,Southwest Queens,Queens,434200,435700,0.14,0.193,318,399000,280000,3375,0.044,348,0.109,0.0230706411,0.041445488,0.2895059208,0.5857492854,0.0387913434,0.0179665169,0.0034708044,0.0486952948,0.0478734333,0.1664269571,0.1982740908,0.3328539141,0.2019724676, 	1927.890975908, 1436.98376809, 145.23642856314805, 0.7017543859649122, 1.2533091511160903, 1.0882205513784462, 0.9137931034482759
11419,52,691,13.3,3.5,3.3,Caribbean,16,Restaurants,10,Indian,9,347986,238702,67136,57.7,39023,2815,4454,13720,7954,5989,2599,1492,15880,16237,10772,7127,4705,5059,12.7,750,0.02,2934,5266,31%,13%,Southwest Queens,Queens,382800,382800,0.156,0.298,310,425000,360000,3311,0.028,299,0.043,0,0.0288200885,0.1405335997,0.7655871023,0.038236553,0.0204023398,0.0059922956,0.0200678349,0.02133974,0.3600904466,0.2343131713,0.2327586207,0.1312888638, 	1930.3210158660002, 1392.69361237, 186.49747738382942, 0.8470588235294118, 0.9798009178791294, 0.9007058823529411, 1.0367892976588629
11420,50,818,16.4,3.4,3.3,Restaurants,9,Caribbean,7,Pizza,7,339479,250859,75587,59.5,38681,3153,4113,13651,7375,5442,3068,1879,14481,16100,8992,5574,6338,5564,12,774,0.02,2359,6314,18%,14%,Southwest Queens,Queens,380100,380400,0.276,0.241,323,409000,390000,3190,0.032,316,0.021,0,0.0283783784,0.0157657658,0.6956081081,0.1943693694,0.0476351351,0.0177927928,0.0921882035,0.0069788384,0.3892390815,0.2203962179,0.1842638451,0.1065961279, 	1937.6621622599998, 1323.98694289, 201.27347666484954, 0.9535452322738386, 1.0229336771472861, 0.9293398533007335, 1.0221518987341771
11421,43,284,6.6,3.5,3.4,Mexican,6,Pizza,6,Spanish,5,357479,237585,73247,59.2,32630,2514,3328,12836,6139,4245,2013,1555,13022,13526,6742,5065,5991,5422,11.1,759,0.01,4944,6580,14%,17%,Southwest Queens,Queens,385800,385500,0.11,0.162,303,399000,375100,3247,0.04,287,0.058,0.0021677505,0.0186760047,0.3104885776,0.6126396532,0.0325162581,0.0210105053,0.0025012506,0.0053156146,0.0172757475,0.3,0.2091362126,0.2953488372,0.1719269103, 	1926.6516591669997, 1382.3588038799999, 194.6900978260787, 0.9401002506265664, 0.9943282624399998, 0.9669172932330827, 1.0557491289198606
11422,33,528,16,3.2,3.5,Caribbean,5,American (Traditional),4,Chinese,4,333827,252958,88594,65.9,25337,1926,2378,8701,5128,4009,1907,1288,8507,11709,4018,1604,6339,5877,12.4,768,0.02,1584,7153,15%,23%,Southeast Queens,Queens,372700,373100,0.495,0.139,303,375000,360000,3509,0.023,278,0,0,0.0341334165,0.0120012469,0.2652743142,0.4323566085,0.2320760599,0.0236907731,0.0795241077,0.0161239825,0.3101127113,0.2327802129,0.2222917971,0.1380713838, 	1950.5985040320002, 1348.96681281, 184.55873889775836, 0.96, 1.00003406389648, 0.9938666666666667, 1.089928057553957
11423,19,197,10.4,3.8,3.1,Chinese,3,American (New),3,Pizza,3,404195,350666,78800,58.8,26034,2123,2183,8737,4871,3632,2503,1985,9442,9981,4735,3125,4731,4649,12,1370,0.01,2503,6586,16%,18%,Jamaica,Queens,422900,422800,0.376,0.149,311,415000,450000,3659,0.028,294,0.022,0,0.0317331164,0.0539056143,0.6251017087,0.2245728234,0.0516680228,0.0120016273,0.00976205,0.0412853366,0.2194427496,0.2802521863,0.2792353061,0.168395363, 	1936.458502777, 1456.51820217, 232.38298127983248, 1.0843373493975903, 1.0318466299710363, 1.0190361445783132, 1.0578231292517006
11426,26,432,16.6,3.4,3.6,Indian,7,Pizza,6,Halal,3,511644,386627,96004,60.6,14925,920,970,5005,3317,2403,1107,1203,5912,5783,2718,767,2900,4340,11.3,574,0.03,899,8532,27%,29%,Southeast Queens,Queens,496300,496600,0.154,0.226,377,445000,471200,3999,0.035,353,0.044,0,0.0079217148,0.0039608574,0.4095992544,0.5484622554,0.0272600186,0.0027958993,0.0945157526,0.0032672112,0.3409568261,0.3722287048,0.1402567095,0.0473745624, 	1942.702702505, 1405.5309218700002, 242.54869228956935, 1.058876404494382, 1.1149492481350787, 1.1152808988764045, 1.0679886685552409
11427,12,256,21.3,3.5,2.8,Diners,2,Burgers,2,Indian,2,380796,424398,87394,60.1,20228,1106,1879,6994,3965,3161,1779,1344,7675,8324,3719,1974,3498,4929,10.7,1686,0.01,950,8197,17%,24%,Southeast Queens,Queens,464600,464600,0.216,0.216,372,380000,407700,3937,0.036,368,-0.002,0,0.032540068,0.3649830015,0.5327829043,0.0621661,0.0070422535,0.008037019,0.0107160253,0.3200194837,0.3823672674,0.19386264,0.0823185582,0.0823185582, 	1941.5594763689999, 2104.67608372, 209.9858412591401, 1.0728947368421053, 2.0382126284446316, 1.2226315789473685, 1.0108695652173914
11428,24,191,8,3.3,3.3,Restaurants,4,Chinese,3,Indian,2,327794,289443,79245,63.4,16639,1093,1639,5814,3049,2837,1338,869,6620,6719,3443,1877,2907,3473,13.2,693,0.01,2080,6007,17%,21%,Southeast Queens,Queens,406200,406200,0.301,0.194,322,459000,370000,3476,0.022,312,0.026,0,0.0087251575,0.0181774115,0.8647600582,0.0918565196,0.0142995637,0,0.0145454545,0.0053333333,0.4804848485,0.3035151515,0.1306666667,0.064969697, 	1928.446437, 1370.35151505, 191.8642866615434, 0.8061002178649237, 0.9314807684, 0.8849673202614379, 1.0320512820512822
11429,14,78,5.6,3.3,3.3,Caribbean,4,Chinese,4,Delis,3,305337,256391,82062,56.9,23361,2055,2224,7955,4206,3266,2036,1619,8297,9354,4649,2036,5460,3282,11.6,1669,0,4172,7082,29%,14%,Southeast Queens,Queens,371900,371900,0.235,0.161,276,409000,370000,3304,0.028,267,0.029,0,0.0182052225,0.0262964325,0.6250459728,0.2763883781,0.0450533284,0.0088267745,0.0408689249,0.0055228277,0.3501472754,0.3624815906,0.1794918999,0.0613033873, 	1938.2530340769997, 1437.8313698499999, 190.89354872399042, 0.9046454767726161, 0.938633192542665, 0.9092909535452323, 1.0337078651685394
11430,43,1029,23.9,2.7,2.7,Fast Food,6,Burgers,5,American (New),5,?,?,-0,40.6,101,0,5,46,20,25,5,0,96,0,51,20,10,10,10.1,2,10.19,4,?,14%,10%,Jamaica,Queens,0,0,0,0,0,275000,0,0,0,0,0,0,0,0,0,0,0,0,0,0,0,0,0,0, 	0.0, 0.0, 0.0, 0.0, 0.0, 0.0, 0.0
11432,102,1424,14,3.6,3.5,Chinese,14,Indian,13,Pizza,12,592213,433990,70000,55.7,48249,3909,4946,16099,8528,6671,4450,3646,17499,18745,6993,6011,6704,11590,11.4,473,0.03,3446,6151,14%,24%,Jamaica,Queens,600400,642000,0.232,0.175,402,410000,157500,4547,0.038,335,0.025,0.0019798713,0.0547764395,0.061046032,0.573337733,0.2326348787,0.0494967827,0.0267282627,0.0436766623,0.0501955671,0.1768252934,0.2377770535,0.2574967405,0.227672751, 	1940.770499724, 1357.7574965899998, 81.15333576144027, 0.38414634146341464, 1.1093872228235364, 1.464390243902439, 1.2
11433,15,85,5.7,3.6,3.4,Chicken Wings,4,Sandwiches,3,Caribbean,2,291931,197147,65457,54.2,23443,2060,2373,8566,3697,2954,2175,1618,7692,9898,4531,3158,4606,2922,10.8,1563,0,4113,6058,27%,12%,Jamaica,Queens,332500,334100,0.274,0.128,284,359000,225000,2435,0.034,274,0.068,0,0.1231571377,0.0837828119,0.513843941,0.1580366775,0.0485436893,0.0720963682,0.1135837636,0.0121061065,0.3332739897,0.2433683461,0.2106106463,0.0859889621, 	1945.3326140230001, 1388.76624563, 115.66145469318687, 0.6267409470752089, 1.0599497250769359, 0.9261838440111421, 1.0364963503649636
11434,40,352,8.8,3.6,3.5,Restaurants,6,Chinese,6,Caribbean,4,298234,224998,71446,56.9,48209,3686,4326,17439,8666,6538,3882,3672,16016,20953,9931,4332,11291,7089,11.1,1205,0.01,5478,6436,15%,15%,Jamaica,Queens,340500,340900,0.282,0.146,291,379000,287000,2850,0.039,278,0.032,0,0.0593289689,0.0187193126,0.5018412439,0.2742430442,0.0764116203,0.0690466448,0.1116803279,0.0033811475,0.325204918,0.2594262295,0.2232581967,0.0764344262, 	1945.6730769259998, 1398.02254077, 147.50679515668475, 0.7572559366754618, 1.0254624441531925, 0.8984168865435356, 1.0467625899280575
11435,43,767,17.8,3.5,3.8,Latin American,5,Chinese,5,Pizza,5,376762,256900,69254,58.7,42555,2628,3700,17335,7644,5995,3214,2039,17124,17550,7972,6473,6964,9565,11.5,990,0.02,2391,6026,12%,22%,Jamaica,Queens,384100,388600,0.234,0.182,314,199900,207800,2805,0.042,237,0.063,0.0025964392,0.0502596439,0.1027448071,0.6198071217,0.1513353116,0.0461795252,0.0270771513,0.0560730253,0.0301788376,0.2697466468,0.2319299553,0.240685544,0.1657973174, 	1937.8579376809998, 1364.9403877, 107.23180268243532, 1.03951975987994, 1.6182634911700848, 1.9214607303651825, 1.3248945147679325
11436,9,95,10.6,3.3,3.1,American (New),2,Caribbean,2,Chinese,2,267953,211720,75253,58.1,13642,1123,1288,4678,2469,2020,1148,916,4932,5523,3088,1404,2829,1846,12.5,1516,0.01,1287,6005,22%,14%,Jamaica,Queens,319700,319700,0.252,0.16,315,359000,265000,2606,0.044,312,0.046,0,0.0362731152,0.0365101944,0.6123755334,0.2114746325,0.0777619725,0.0253674727,0.220113852,0.0033206831,0.3688330171,0.1859582543,0.1646110057,0.0571631879, 	1940.2133710389999, 1317.88425053, 136.58291606252067, 0.7381615598885793, 1.1453478723269082, 0.8905292479108635, 1.0096153846153846
11691,20,80,4,3.4,3.5,Chinese,5,Pizza,4,Restaurants,3,468684,226391,64823,50.4,44693,3677,5174,15583,6852,5457,4116,3834,14757,18309,7967,6751,7087,6087,13.6,2235,0,11173,4773,25%,14%,Rockaways,Queens,371500,394500,0.35,0.186,285,329000,415000,2686,0.029,218,0.031,0.0063497512,0.2267032778,0.0461644071,0.2898575596,0.2067959499,0.1668096791,0.0573193753,0.090893588,0.0436562074,0.1357435198,0.1471691678,0.3136084584,0.2646657572, 	1958.9394199360001, 1304.99658952, 211.8493281500039, 1.2613981762917934, 0.8647089863688755, 1.1291793313069909, 1.3073394495412844
11692,11,101,9.2,3.6,2.8,Chinese,2,American (New),2,Pizza,2,815068,260965,56726,49,12756,954,1037,4331,2702,1792,1034,906,4678,5184,2953,1868,2431,1573,12.2,1160,0.01,1387,4638,18%,12%,Rockaways,Queens,290200,283500,0.216,0.091,283,338000,0,1958,0.032,205,0.044,0,0.4098701299,0.0519480519,0.1849350649,0.1641558442,0.1381818182,0.0509090909,0.0705128205,0.0646367521,0.108974359,0.1629273504,0.4107905983,0.1794871795, 	1969.5168831209999, 1557.31837593, 0.0, 0.0, 0.9445274173539941, 0.8585798816568048, 1.3804878048780487
11694,39,483,12.4,3.6,3.4,Delis,5,Pizza,5,Chinese,4,536299,472143,91238,56,17425,1018,880,4977,3522,3260,1958,1810,6098,6541,2471,1176,3348,4764,12.6,447,0.03,1405,7229,13%,27%,Rockaways,Queens,618200,670300,0.587,0.141,391,435000,530000,4721,0.032,362,-0.015,0,0.1341068538,0.0736643281,0.4484619536,0.223151646,0.0922827847,0.0259039396,0.0743243243,0.0864864865,0.1043243243,0.1451351351,0.2664864865,0.3183783784, 	1942.935780082, 1302.7027026700002, 272.7830767405147, 1.2183908045977012, 1.0840882261299771, 1.4211494252873562, 1.080110497237569
11697,6,51,8.5,3.4,3.6,Bars,1,Burgers,1,American (New),1,3000001,62501,96169,47.1,3445,172,151,753,535,806,441,587,1104,1141,454,38,521,1081,19.1,574,0.01,405,5035,17%,31%,Rockaways,Queens,0,0,0,0.188,0,449000,180000,4904,0.084,0,0,0,0,0,0,0,0,0,0,0,0,0,0,0, 	0.0, 0.0, 0.0, 0.40089086859688194, 0.0, 0.0, 0.0
