zip_code,num_restaurants,num_reviews,num_reviews_per_restaurant,avg_total_reviews,avg_restaurant_rating,most_common_cat,num_most_common_cat,2nd_most_common_cat,num_2nd_most_common_cat,3rd_most_common_cat,num_3rd_most_common_cat,avg price per res. real estate sale (NYCData),avg price per res. real estate sale [improved] (NYCData),Mean income,Percentage Employed,Total Population,Total 16 to 19 years,Total 20 to 24 years,Total 25 to 44 years,Total 45 to 54 years,Total 55 to 64 years,Total 65 to 74 years,Total 75 years and over,Total Male,Total Female,Total High school graduate,Total Less than high school graduate,Total Some college or associate's degree,Total Bachelor's degree or higher,Average inspection violations,,,pop_per_restaurant,num_reviews_per_capita,pop_peravg_bizreview,dollarsPerViolation
10001,79,17670,223.7,3.8,3.9,American (New),12,Korean,10,Pizza,7,4314802,2323693,152094,65.9,19026,1145,2677,7904,2427,2448,1200,1225,7992,7464,901,777,2068,9033,11.1,,,241,0.93,85,13754
10002,125,40372,323,4,4,Chinese,23,American (New),17,Sandwiches,11,1117262,873855,72271,50.3,69363,3081,5838,25757,10642,9872,6640,7533,25400,26709,9111,13772,7575,15813,12.6,,,555,0.58,215,5744
10003,238,92605,389.1,3.8,3.9,American (New),34,Japanese,32,Italian,28,1679405,2267822,145853,63.6,53652,6006,6925,23526,5854,5291,3333,2717,20382,21214,2273,1209,3645,27544,11.9,,,225,1.73,138,12272
10004,75,6801,90.7,3.6,3.6,American (Traditional),12,Sandwiches,12,Bars,7,2199455,1648195,225025,81.1,2398,60,173,1371,364,344,70,16,1289,963,130,34,302,1613,11.0,,,32,2.84,26,20442
10005,36,1949,54.1,3.4,3.5,Food Stands,7,Sandwiches,6,American (New),4,1785598,1355145,173731,80.5,5352,41,909,3931,319,126,26,0,2697,2588,37,121,454,3764,10.8,,,149,0.36,99,16019
10006,45,2236,49.7,3.3,3.4,Delis,9,American (Traditional),5,Chinese,5,1377993,1314303,154370,83.8,2483,0,332,1815,187,113,36,0,1136,1311,120,23,263,1709,12.4,,,55,0.90,50,12488
10007,46,3680,80,3.6,3.6,American (New),9,American (Traditional),6,Sandwiches,5,2395286,2390066,378782,67.2,5186,152,280,3394,714,464,100,82,2743,2109,247,310,442,3573,11.4,,,113,0.71,65,33208
10009,110,31346,285,4,4.1,American (New),18,Breakfast & Brunch,12,Italian,12,1937335,812723,99830,60.3,56612,1924,7291,22661,8783,7593,4941,3419,22120,24208,4909,4465,5020,24643,12.2,,,515,0.55,199,8160
10010,83,22427,270.2,3.7,3.8,American (New),13,Italian,10,Sandwiches,8,2077753,2164898,168117,64.5,27019,1082,3360,12913,2949,3008,1946,1761,10440,11790,1133,420,2117,15200,11.8,,,326,0.83,100,14194
10011,122,38954,319.3,3.9,3.8,American (New),25,Italian,15,Breakfast & Brunch,14,2286197,2542086,194053,70.7,47020,1484,2415,22476,7731,6598,3768,2548,20469,18751,2012,1387,4585,28821,11.6,,,385,0.83,147,16679
10012,170,57065,335.7,3.9,3.9,American (New),28,Italian,26,French,15,2930141,3269783,130260,70.4,22589,696,2455,10956,2604,2714,1715,1449,9812,8917,929,869,1357,13119,11.4,,,133,2.53,67,11471
10013,121,32999,272.7,3.9,3.9,American (New),27,Chinese,21,Italian,18,3376279,3040994,197372,60.1,22693,919,3282,8838,2855,3501,1824,1474,8975,9501,2275,2242,1523,9154,12.9,,,188,1.45,83,15288
10014,154,47505,308.5,3.9,3.9,American (New),42,Italian,27,Bars,16,2914956,3342461,169443,74.1,28620,558,1977,14677,3801,3755,2372,1480,11389,12821,811,187,2151,19084,11.7,,,186,1.66,93,14462
10016,104,24984,240.2,3.8,3.9,American (New),15,Sandwiches,12,Breakfast & Brunch,9,1797734,1439636,164224,72.8,48552,1157,6693,24292,5761,4650,3532,2467,19090,22306,1438,674,3252,29339,12.1,,,467,0.51,202,13556
10017,119,18085,152,3.8,3.7,Italian,18,Japanese,17,American (New),16,1716265,2337306,166578,78.2,15217,27,1637,7705,1946,1578,1399,925,6102,6764,515,183,1065,9466,12.1,,,128,1.19,100,13801
10018,50,10196,203.9,3.8,3.8,Italian,8,American (New),7,Japanese,6,3944114,3584563,128736,72.2,5760,129,856,3310,635,503,249,78,3015,2289,479,496,523,2950,12.0,,,115,1.77,28,10743
10019,178,59730,335.6,3.9,3.9,American (New),30,Italian,25,American (Traditional),19,688168,512101,142527,69.9,37419,458,2932,18956,5362,4514,2718,2479,15685,16079,2387,1315,3664,21466,11.2,,,210,1.60,111,12717
10020,10,2490,249,4.1,3.8,Steakhouses,5,American (Traditional),2,Burgers,1,700000000,700000000,-,-,0,0,0,0,0,0,0,0,0,0,0,0,0,0,9.8,,,?,?,?,?
10021,79,12334,156.1,3.8,3.7,Italian,14,American (New),9,French,7,2193965,2356529,187485,65.8,36953,633,1580,15588,4920,5459,4541,4232,11868,15679,1158,511,2034,22264,11.7,,,468,0.33,237,15982
10022,103,21267,206.5,3.7,3.8,Italian,13,American (New),12,French,10,1566553,2067354,192809,66.9,26981,358,1728,9863,3878,4321,3391,3442,9058,10732,880,178,1754,15250,11.4,,,262,0.79,131,16845
10023,116,17283,149,3.6,3.5,Italian,18,American (New),14,French,10,1860030,2457433,185262,65.2,52569,1588,2731,21262,7627,8241,5100,6020,19286,20575,1988,923,3424,30795,11.4,,,453,0.33,353,16208
10024,103,25329,245.9,3.7,3.6,American (Traditional),17,Italian,17,Breakfast & Brunch,12,2284032,2158215,198029,68.7,49991,1055,2359,20399,8702,7518,5904,4054,18150,20828,2479,1021,3486,29633,11.7,,,485,0.51,203,16971
10025,129,15552,120.6,3.5,3.6,Italian,15,Pizza,13,Mexican,12,1669811,1450582,130124,58.8,84176,4115,8701,31761,12897,12250,7305,7147,29826,35783,4597,3454,7326,41531,12.4,,,653,0.18,698,10458
10026,57,5770,101.2,3.6,3.6,American (New),7,American (Traditional),6,African,4,1196620,641533,79862,56.4,29601,1669,3310,12923,5141,3527,1752,1279,11309,13592,4367,3228,4472,9524,12.1,,,519,0.19,293,6607
10027,77,10025,130.2,3.6,3.7,American (Traditional),9,American (New),8,Soul Food,7,1068777,506134,76443,48.8,51764,5844,7208,20125,7287,5666,2904,2730,18300,21986,6506,5206,6449,14917,11.8,,,672,0.19,398,6485
10028,85,10292,121.1,3.9,3.8,Italian,19,American (New),11,Mexican,7,1992760,2029671,188661,70.9,39395,652,2911,16405,5802,5551,4376,3698,13472,17197,1227,353,2503,23675,11.4,,,463,0.26,325,16579
10029,75,5080,67.7,3.8,3.8,Latin American,12,Mexican,12,Pizza,8,1804886,1024754,68048,51,63413,5026,7214,24399,9603,7989,4416,4766,22923,26282,10396,10740,8046,12809,12.4,,,846,0.08,937,5494
10030,38,922,24.3,3.6,3.4,Cafes,5,Caribbean,4,Seafood,4,1180305,352459,60933,51.2,23660,1859,2375,9695,4057,2908,1776,990,9019,10016,4197,3490,4048,4925,11.6,,,623,0.04,974,5263
10031,64,2416,37.8,3.7,3.8,Mexican,8,Latin American,7,American (New),5,1781877,375385,63223,57.8,48782,3272,5725,20887,7335,5166,3892,2505,18729,20384,6696,8050,8112,10530,12.1,,,762,0.05,1291,5222
10032,72,2183,30.3,3.5,3.6,Latin American,13,Mexican,9,Pizza,8,2150851,283745,54620,52.5,51978,3314,6468,20414,7638,6715,4145,3284,21233,20002,6489,11376,7908,8994,12.0,,,722,0.04,1715,4567
10033,45,2746,61,3.6,3.7,Latin American,9,Chinese,5,Spanish,5,1214812,261790,69739,56.9,48284,3032,5837,18479,7673,6549,3348,3366,19540,18998,6373,8043,7067,11218,12.3,,,"1,073",0.06,792,5659
10034,77,3014,39.1,3.4,3.4,Latin American,14,Mexican,8,Pizza,7,747787,166167,61341,61,33777,2056,3108,13382,6515,4663,2615,1438,14286,13382,4323,6300,5268,8669,13.0,,,439,0.09,864,4714
10035,35,1253,35.8,4,4,Pizza,5,Italian,4,Caribbean,3,824596,600359,62079,43.5,27638,1855,3277,10781,4267,3403,2138,1917,10864,10864,4530,5687,3500,4734,12.1,,,790,0.05,772,5132
10036,127,35931,282.9,3.8,3.8,American (New),24,Italian,20,American (Traditional),16,3677536,3185004,114944,69.9,21230,325,2222,10166,3495,2865,1355,802,10823,7925,1625,717,2673,11511,11.5,,,167,1.69,75,9967
10037,19,410,21.6,3.6,3.9,Chinese,3,Cafes,2,Restaurants,2,1249555,324741,62147,49.5,14741,1090,1513,4709,2380,2017,1568,1464,4390,6229,1363,1021,3077,3645,13.1,,,776,0.03,682,4761
10038,87,8244,94.8,3.6,3.6,Sandwiches,12,American (New),10,Italian,10,2625922,1383398,145260,60.2,18105,1070,2912,7222,2433,1705,1197,1566,6812,7460,1150,1461,1505,7244,11.3,,,208,0.46,191,12905
10039,29,299,10.3,3.7,3.3,Burgers,4,Chinese,4,Delis,4,1528443,663255,53530,50.8,19853,1415,2584,7555,3557,2095,1447,1200,7242,8549,3029,2631,3689,3858,12.1,,,685,0.02,1927,4406
10040,51,1359,26.6,3.6,3.4,Latin American,11,Mexican,6,Caribbean,5,1060922,209636,60952,56.5,36338,2265,3723,13205,5909,5220,3090,2926,12794,15263,4330,5929,5147,8928,11.2,,,713,0.04,1366,5459
10044,3,192,64,3.4,3.3,American (Traditional),2,Sushi Bars,1,Bars,1,940389,791675,111246,51.9,10584,513,1057,4048,1504,1418,1039,1005,3992,4035,903,698,1075,4294,11.2,,,"3,528",0.02,165,9916
10065,59,6396,108.4,3.7,3.5,French,11,Italian,10,American (New),5,2556196,2798095,195705,67.3,29193,388,1819,13267,3643,3292,3978,2806,9725,12296,1328,235,1838,16801,11.9,,,495,0.22,269,16423
10069,5,315,63,3.7,3.5,Cafes,2,Japanese,1,American (New),1,2644724,2028143,250323,75.2,4367,8,37,2959,528,451,242,142,1907,2068,6,12,206,3714,14.3,,,873,0.07,69,17567
10075,51,7321,143.5,3.7,3.6,Italian,11,American (New),6,Sushi Bars,5,1822330,2566607,178669,67.1,21498,200,1182,9053,2264,3817,3017,1965,6386,9930,506,203,1520,12905,11.4,,,422,0.34,150,15624
10111,3,175,58.3,3.5,3.5,Brasseries,1,Restaurants,1,French,1,?,?,-,-,0,0,0,0,0,0,0,0,0,0,0,0,0,0,13.2,,,?,?,?,?
10128,82,10521,128.3,3.7,3.8,Italian,11,Breakfast & Brunch,10,American (New),10,1887680,1781967,168459,67.7,51804,1213,3363,23314,7905,6875,4880,4254,17962,23495,1553,778,3915,31848,12.1,,,632,0.20,404,13890
10280,5,482,96.4,3.2,3.3,American (Traditional),2,Tex-Mex,1,Mediterranean,1,1159348,1159348,168310,78.1,6328,125,356,3164,1381,855,316,131,2619,3137,112,64,779,4445,10.7,,,"1,266",0.08,66,15690
10281,16,696,43.5,3.2,3.6,American (Traditional),3,Mexican,2,Sushi Bars,1,?,?,0,0,0,0,0,0,0,0,0,0,0,0,0,0,0,0,9.5,,,?,?,?,?
10282,12,1276,106.3,3.7,3.5,Breakfast & Brunch,2,Singaporean,1,Barbeque,1,2498982,2498982,333950,74.4,3834,47,92,2689,466,141,111,288,1611,1777,42,53,340,2861,7.8,,,320,0.33,36,42725
10301,51,1187,23.3,3.8,3.7,Pizza,11,Mexican,7,Italian,6,367625,326209,79845,52.7,31087,2746,3658,10342,5360,4438,2291,2252,11902,11896,5083,2734,5211,7112,11.6,,,610,0.04,1334,6878
10302,46,843,18.3,3.8,3.6,Pizza,10,Chinese,8,Sandwiches,5,307212,227564,78084,54.6,12937,938,1219,5032,2241,1773,745,989,5133,5132,2999,1655,2548,1844,12.4,,,281,0.07,707,6288
10303,27,357,13.2,3.4,3.2,Fast Food,4,Pizza,4,Chinese,3,248315,208335,75336,53.8,19041,1751,2182,7351,3594,2284,1024,855,7014,8397,4650,2005,3699,2875,12.7,,,705,0.02,1443,5951
10304,27,520,19.3,3.8,3.9,American (New),5,Pizza,4,Spanish,3,517689,391016,75984,55.3,32903,2679,3435,10816,6228,4730,2392,2623,11974,13235,6361,3961,5286,6166,13.1,,,"1,219",0.02,1705,5779
10305,69,1911,27.7,3.7,3.7,Italian,16,Pizza,10,Chinese,8,381618,311056,87716,52.2,33721,1698,2921,11393,6288,5448,3186,2787,12950,13100,6695,2933,5691,7810,11.5,,,489,0.06,1217,7637
10306,44,1123,25.5,3.8,3.8,Italian,11,Pizza,7,American (Traditional),4,429311,386361,99688,55.7,45085,2701,3196,14780,8754,6793,4634,4227,15842,17681,8530,2018,9681,10098,10.9,,,"1,025",0.02,1768,9134
10307,27,223,8.3,3.6,3.7,Italian,9,Pizza,5,0,2,540881,426123,113660,58.7,11020,818,929,3791,2580,1393,1013,496,4355,4338,2210,401,2436,2717,10.6,,,408,0.02,1328,10740
10308,44,727,16.5,3.5,3.6,Italian,15,Pizza,11,Chinese,5,392959,350223,105486,55.5,23415,1605,1742,7022,4836,3850,2569,1791,8213,9237,5312,939,4295,5162,11.6,,,532,0.03,1419,9075
10309,48,825,17.2,3.6,3.6,Pizza,8,American (New),7,Italian,7,531587,420169,107387,57.4,24981,1327,1978,9572,4897,3907,2255,1045,10610,9744,5771,1300,5643,5662,11.6,,,520,0.03,1452,9238
10310,44,742,16.9,3.6,3.6,Italian,7,Pizza,7,Delis,5,347135,298793,86572,55.8,18748,1834,1533,6609,3864,2568,1225,1115,7152,7422,3721,1521,3728,4071,13.3,,,426,0.04,1109,6509
10312,36,583,16.2,3.6,3.7,Pizza,10,Italian,7,American (New),4,438917,381721,101855,57.8,49320,3195,3873,16129,9498,9137,4805,2683,18868,19769,10967,1856,10133,11808,11.6,,,"1,370",0.01,3044,8789
10314,72,2102,29.2,3.4,3.6,Pizza,16,Italian,10,American (Traditional),7,384894,328953,93990,55.6,71209,4713,4935,22722,13161,12400,7162,6116,25747,27471,15272,3509,13000,16502,11.7,,,989,0.03,2439,8020
10451,49,652,13.3,3.4,3.8,American (Traditional),9,Pizza,8,Latin American,5,642567,263319,41049,47.9,34545,2890,4171,12528,5795,4192,2856,2113,11470,15216,5972,7548,5506,3489,10.6,,,705,0.02,2597,3861
10452,28,154,5.5,3.6,3.4,American (New),4,Burgers,3,Restaurants,3,1496220,151264,39803,51.9,54172,5136,5665,22356,9508,6723,3099,1685,20860,23392,11006,13432,10192,3957,11.9,,,"1,935",0.00,9849,3355
10453,26,103,4,3.6,3.8,Mexican,4,Latin American,4,Burgers,3,2252628,172923,39541,52.3,58578,5996,6869,22219,11435,7150,3187,1722,21797,25876,11550,14002,10466,4786,11.7,,,"2,253",0.00,14645,3387
10454,32,323,10.1,4.1,3.6,Chinese,5,Restaurants,4,Mexican,4,614774,141100,39082,44.5,28057,3218,3677,10220,4480,3012,1979,1471,10438,10951,5003,7174,3947,1588,12.1,,,877,0.01,2778,3221
10455,56,296,5.3,3.8,3.7,Mexican,15,Pizza,6,Fast Food,5,937341,121534,38806,45.1,26767,2216,3009,11104,4240,2791,2137,1270,9405,11739,5094,7561,3766,1714,11.4,,,478,0.01,5050,3395
10456,32,129,4,3.5,3.4,Restaurants,4,Chinese,4,Pizza,4,1151451,126826,39166,46.1,65814,6468,7459,25396,11575,7799,4350,2767,23382,28847,11429,17064,11578,4699,12.6,,,"2,057",0.00,16454,3106
10457,20,79,4,3.4,3.7,Burgers,3,Latin American,3,Diners,3,758323,116868,40912,46.4,50631,5765,6556,18906,9159,4969,3251,2025,17597,21993,8865,11859,8162,4148,10.4,,,"2,532",0.00,12658,3931
10458,116,2453,21.1,3.9,3.8,Italian,23,Pizza,18,Chinese,12,1117261,144591,43945,49.5,56368,6020,7972,21978,9312,6004,3270,1812,21942,23324,10395,12921,9182,4796,11.5,,,486,0.04,2671,3808
10459,29,67,2.3,3.6,3.4,Pizza,7,Chinese,5,Restaurants,4,890041,133951,40561,46.3,32904,3780,3827,12651,5197,3533,2270,1646,10929,14279,5189,8495,5186,2511,11.7,,,"1,135",0.00,14306,3456
10460,26,137,5.3,3.5,3.5,Burgers,5,Spanish,5,Fast Food,4,792713,131337,40470,48.7,41064,4614,4909,14836,7355,4872,2531,1947,14365,17607,7668,9768,6413,3214,9.7,,,"1,579",0.00,7748,4157
10461,93,1917,20.6,3.7,3.6,Pizza,17,Chinese,12,Italian,12,398917,240597,70465,55.5,42216,2354,3075,15566,7440,5714,3647,4420,16056,15739,7668,4639,8181,8232,11.0,,,454,0.05,2049,6405
10462,109,1631,15,3.8,3.6,Pizza,22,Mexican,12,Chinese,11,393297,131553,58813,56.8,59226,3854,4785,24382,9959,7898,4636,3712,21815,25209,10741,8445,12080,10973,11.0,,,543,0.03,3948,5352
10465,37,762,20.6,3.7,3.9,Pizza,9,Italian,7,American (Traditional),3,416011,330244,83904,54.4,35884,2388,3365,11313,5963,5492,3519,3844,13039,13094,6490,2718,7012,6548,11.6,,,970,0.02,1742,7261
10466,25,126,5,4.1,4.2,Caribbean,7,Pizza,5,Chinese,3,492516,195289,59625,55.7,55257,4637,5765,18616,10038,8179,4896,3126,18370,24228,10887,7199,10595,8152,12.5,,,"2,210",0.00,11051,4755
10467,32,328,10.3,3.7,3.9,Pizza,7,Chinese,6,Mexican,4,682760,151767,52065,54,73216,5716,7114,29513,12437,8659,5354,4423,25972,31751,14231,12218,13530,10630,11.6,,,"2,288",0.00,7108,4504
10468,58,603,10.4,3.5,3.4,Mexican,11,Pizza,9,Restaurants,8,1021367,139961,46206,54.7,56168,4661,6969,21516,10231,6587,3217,2987,20787,24516,11231,10601,9643,6859,11.4,,,968,0.01,5401,4045
10469,44,401,9.1,3.4,3.5,Caribbean,9,Chinese,7,Pizza,7,350724,237915,73377,52.3,56620,4504,5357,18016,10754,7709,5099,5181,18684,23152,9050,5401,11734,10294,11.5,,,"1,287",0.01,6222,6359
10470,18,207,11.5,3.8,3.6,Pizza,6,Sandwiches,3,Pubs,2,375149,247926,72272,57.2,12604,667,1071,4824,1855,2063,967,1157,4779,5034,2651,1025,2405,2661,11.4,,,700,0.02,1096,6346
10471,32,580,18.1,3.6,3.5,Pizza,7,Delis,5,Mexican,3,466129,820887,119726,54.2,18441,1715,1728,4933,3018,2677,1764,2606,6226,6130,1543,549,1960,6576,10.2,,,576,0.03,1019,11704
10472,44,283,6.4,3.5,3.4,Chinese,9,Mexican,7,Pizza,7,696825,147409,50337,52,51216,4283,5845,19701,8738,6421,3739,2489,20120,20585,9617,12522,8257,4464,11.1,,,"1,164",0.01,8003,4535
10473,13,88,6.8,3.6,3.9,Spanish,2,American (New),2,Chinese,2,437338,229259,60116,50.3,45966,4276,4734,14968,7965,6661,4530,2832,14526,19802,8834,6585,8637,5538,11.8,,,"3,536",0.00,6760,5106
10474,13,65,5,3.2,3.2,Barbeque,2,Delis,2,Pizza,2,737192,109443,37063,43.8,9137,674,1182,3984,1671,791,615,220,3960,3668,1690,2554,1642,560,10.6,,,703,0.01,1827,3508
10475,37,426,11.5,2.6,2.6,Burgers,6,Chinese,6,American (Traditional),5,341492,232611,66637,50.5,35411,2171,2580,9253,6879,5858,4499,4171,10949,13621,5481,2912,7872,5725,10.5,,,957,0.01,3079,6364
11001,44,812,18.5,3.9,3.9,American (New),7,Pizza,7,Italian,6,458833,408979,115923,64,21954,1472,1561,6715,4412,3947,1946,1901,7791,8844,3516,945,3935,6678,13.3,,,499,0.04,1187,8694
11004,27,575,21.3,3.5,3.1,Indian,11,Chinese,5,Pakistani,3,321223,461886,95480,58,11734,553,707,4010,2032,2031,1050,1351,4087,4693,1684,488,1677,4224,11.9,,,435,0.05,551,8033
11005,1,5,5,2.4,2.5,Diners,1,n/a,n/a,n/a,n/a,412639,?,76045,23.3,1963,0,0,8,83,153,351,1368,128,116,20,0,27,197,13.8,,,"1,963",0.00,393,5511
11040,68,2671,39.3,3.7,3.7,Italian,15,Pizza,11,Indian,6,366729,462558,119396,58.9,32366,2013,2240,8205,6836,5682,3726,3664,11452,11511,3980,894,5562,10287,6.0,,,476,0.08,824,19899
11096,11,48,4.4,3.1,3.6,Pizza,5,Sandwiches,2,Italian,2,?,?,71863,57.8,6406,756,583,2128,1159,875,530,375,2149,2596,1498,861,1239,564,12.4,,,582,0.01,1456,5797
11101,46,5482,119.2,3.8,4,American (New),9,Breakfast & Brunch,7,Bars,5,1223542,1099688,71270,58.1,19995,1090,2247,9033,3229,2251,1207,938,8351,8409,3281,2526,3155,5551,12.3,,,435,0.27,168,5808
11102,44,6537,148.6,3.7,3.8,Pizza,6,Italian,5,Breakfast & Brunch,4,848424,327641,69286,63.5,29102,1492,3347,14215,4125,2563,1906,1454,12608,11642,3941,3397,4139,9426,11.4,,,661,0.22,196,6102
11103,106,14179,133.8,3.8,3.8,American (New),13,Mexican,13,Pizza,11,782266,321678,73601,66.9,32387,931,2877,16023,4627,3260,2626,2043,13892,12895,4735,2964,4971,11240,11.5,,,306,0.44,242,6421
11104,99,6007,60.7,3.7,3.5,Pizza,12,Mexican,10,Chinese,8,662818,314082,69145,65.5,22952,683,1643,10890,3611,2936,2082,1107,9524,9556,4279,2408,3867,6883,12.4,,,232,0.26,378,5575
11105,100,9782,97.8,3.9,3.9,Greek,22,Pizza,16,Italian,15,634672,359158,75957,64.1,32604,1168,2796,15534,4348,3937,2419,2402,13045,13570,4538,2560,5507,11214,11.3,,,326,0.30,333,6709
11106,79,11241,142.3,3.9,3.9,Italian,10,Pizza,9,Bars,8,617368,351474,71228,61.9,32149,1607,2999,14140,4758,3692,2532,2421,12283,13306,4535,3336,5151,9568,11.5,,,407,0.35,226,6181
11109,2,407,203.5,3.5,4.3,Sushi Bars,1,Burgers,1,Food Trucks,1,830910,1140989,167364,83.2,2937,40,149,2344,134,158,63,49,1499,1286,91,11,297,2237,10.7,,,"1,469",0.14,14,15690
11201,117,20967,179.2,3.9,3.8,Italian,21,American (New),19,Pizza,14,1089991,1128477,157141,64.7,45327,2227,3407,22752,5762,5346,3128,2705,18615,18652,3007,1602,4195,25056,11.4,,,387,0.46,253,13732
11203,50,664,13.3,3.4,3.6,Caribbean,14,Restaurants,9,American (New),5,467187,201831,64686,55.3,64482,4100,5986,21410,11031,9960,7067,4928,21260,27127,14271,4948,13611,9571,11.9,,,"1,290",0.01,4848,5444
11204,68,1581,23.3,3.5,3.7,Chinese,21,Pizza,12,Japanese,7,660801,387616,65759,52.6,61752,4680,6208,21871,10201,9177,4588,5027,23966,23491,12809,9517,8517,10406,12.1,,,908,0.03,2650,5420
11205,50,6323,126.5,3.7,3.8,American (New),10,Coffee & Tea,7,Breakfast & Brunch,5,714161,509843,79705,55.5,30678,2301,4596,14658,3120,3124,1597,1282,12409,13089,4329,3610,4053,8910,12.5,,,614,0.21,243,6386
11206,56,4382,78.3,4,4.1,Mexican,13,Bars,9,American (New),8,660411,299920,48686,51,59038,5176,7581,24774,8221,6200,4129,2957,21478,25298,10481,11635,8752,8327,11.6,,,"1,054",0.07,754,4210
11207,23,279,12.1,3.3,3.9,Pizza,4,Spanish,3,Breakfast & Brunch,3,344097,159857,50010,49,68460,6848,8599,25056,11432,8188,5131,3206,22529,30746,14794,12147,11665,6070,11.7,,,"2,977",0.00,5658,4286
11208,32,291,9.1,3.6,3.8,Latin American,8,Pizza,7,Caribbean,3,321598,153142,55563,49.9,69224,6886,8385,26473,12545,8047,4139,2749,24714,30736,21504,10009,9931,5621,12.6,,,"2,163",0.00,7607,4422
11209,204,10473,51.3,3.7,3.6,Pizza,23,Chinese,21,Italian,19,548986,518331,88562,57,59478,2936,4076,23553,10221,8309,5024,5359,22482,23677,8160,4469,8668,20786,11.1,,,292,0.18,1159,7992
11210,58,494,8.5,3.5,3.6,Chinese,10,Caribbean,9,Kosher,8,597188,472877,76701,57.9,49611,4018,5019,16926,9677,7551,3819,2601,18073,21100,10985,2858,8548,11763,10.6,,,855,0.01,5837,7218
11211,129,27759,215.2,4,4.1,Bars,24,American (New),24,Breakfast & Brunch,19,959940,666947,74916,61.3,68952,4585,8494,33978,8301,6466,3271,3857,28033,29206,9374,8410,9334,21627,11.7,,,535,0.40,320,6406
11212,43,125,2.9,3.5,3.6,Caribbean,8,Restaurants,7,Pizza,5,544777,134777,47299,47.1,61406,5572,6239,21588,10844,8504,5119,3540,18424,28751,15906,8751,11698,4581,11.4,,,"1,428",0.00,21174,4140
11213,27,227,8.4,3.6,3.7,Caribbean,6,Kosher,4,Indian,2,627013,263962,53827,52.3,46499,3763,4812,17075,8465,5589,3714,3081,16091,19850,10010,5094,9131,6894,12.7,,,"1,722",0.00,5536,4245
11214,66,3514,53.2,3.6,3.7,Chinese,12,Japanese,11,Pizza,9,608096,349637,64275,49.7,67036,2995,4665,23963,10019,9903,8260,7231,23933,24617,12671,12372,8126,10716,12.7,,,"1,016",0.05,1260,5045
11215,169,23656,140,3.8,3.8,Italian,23,American (New),22,Mexican,18,988742,718987,129767,73.3,56258,2072,4379,28682,8416,6898,3242,2569,23494,24881,3545,2453,5602,32396,11.7,,,333,0.42,402,11123
11216,64,3245,50.7,3.9,4,Caribbean,16,Breakfast & Brunch,7,Coffee & Tea,7,621144,250388,61909,56.9,45187,2604,4570,19587,6735,5898,3448,2345,16817,19973,7856,4656,8297,11411,12.7,,,706,0.07,891,4871
11217,90,14324,159.2,3.8,3.8,American (New),14,Italian,9,Sandwiches,8,1188471,929501,115622,69.3,32655,1033,2264,17194,4852,3475,2189,1648,12833,14952,2755,2561,3516,16689,11.2,,,363,0.44,205,10315
11218,70,3348,47.8,3.8,3.7,Mexican,14,Pizza,10,American (New),7,515080,420671,72848,59.4,56904,3829,5771,23207,9339,7792,3474,3492,22633,23476,8878,7142,7895,16423,12.2,,,813,0.06,1190,5962
11219,45,881,19.6,3.7,3.8,Chinese,9,Kosher,7,Italian,6,654645,353673,53595,53.5,66061,5221,7453,24913,10348,8855,3334,5937,26480,25089,14588,14135,7185,8208,12.5,,,"1,468",0.01,3370,4273
11220,197,4922,25,3.8,3.7,Chinese,75,Mexican,23,Latin American,11,673611,342486,55896,56.9,78814,5110,7940,33709,12920,9662,4925,4548,33230,31001,11148,26620,7323,11200,13.7,,,400,0.06,3153,4094
11221,46,1655,36,3.8,3.8,Pizza,7,Cafes,5,Latin American,4,473474,184801,57844,51.7,62030,4951,6639,25695,10334,7707,3933,2771,22828,27547,12565,12000,10698,8473,11.5,,,"1,348",0.03,1723,5035
11222,40,5375,134.4,4.1,4.2,American (New),9,Pizza,5,Vegan,4,847547,468436,83432,69.3,30617,846,2900,15923,4298,3793,1403,1454,13706,13208,4057,1724,5397,12836,11.5,,,765,0.18,228,7245
11223,117,3763,32.2,3.8,3.6,Chinese,15,Russian,12,Italian,12,718651,540864,66288,48.7,60185,3202,4288,19854,9336,9381,8205,5919,20801,22058,11924,9262,7692,9693,12.0,,,514,0.06,1869,5537
11224,26,1685,64.8,3.5,3.3,American (Traditional),7,Pizza,4,Mexican,3,483050,319333,58910,40.9,37843,2450,2722,8432,6195,6368,5988,5688,10571,13146,6041,4402,4957,5595,10.3,,,"1,456",0.04,584,5728
11225,40,1293,32.3,3.7,4,Caribbean,10,Cafes,6,American (Traditional),4,828662,359105,57419,57,47751,3165,5541,17892,7471,7655,3445,2582,16937,21622,8772,5582,9553,9111,12.4,,,"1,194",0.03,1478,4647
11226,77,2279,29.6,3.6,3.7,Caribbean,17,Chinese,17,Mexican,8,926949,300388,55125,58.6,79179,6072,7987,30839,14462,10615,5899,3305,28495,35408,19156,9649,15253,11858,12.1,,,"1,028",0.03,2675,4567
11228,46,1267,27.5,3.6,3.6,Pizza,11,Italian,8,Sandwiches,7,682584,436057,88579,51.7,35870,2190,2880,11979,5812,5455,4055,3499,13469,12657,6798,3809,5053,7586,11.9,,,780,0.04,1304,7469
11229,56,1948,34.8,3.8,3.8,Sushi Bars,9,Chinese,8,Japanese,8,455124,409914,75036,53.3,64976,3840,5119,19954,12132,11237,5494,7200,23760,24682,11575,5820,9706,16222,11.7,,,"1,160",0.03,1867,6388
11230,70,3165,45.2,3.8,3.7,Kosher,19,Pizza,10,Fast Food,6,599428,540395,68061,52.1,64903,5031,6760,21971,9835,10288,5079,5939,24278,24576,10448,5960,9842,15844,12.4,,,927,0.05,1436,5476
11231,97,11584,119.4,3.8,3.9,American (New),16,Italian,11,Mexican,11,1165898,797860,112649,65.9,28146,1086,1765,14569,3977,3443,1751,1555,10891,12863,2926,2112,3254,13697,11.2,,,290,0.41,236,10025
11232,47,1525,32.4,4.1,4,Chinese,7,Mexican,7,Latin American,5,602892,320453,57937,56.2,22923,1453,2840,11237,3417,2105,1070,801,11221,8378,4026,5334,3465,3934,12.0,,,488,0.07,708,4833
11233,29,1443,49.8,3.6,3.9,Chinese,4,Sandwiches,4,Breakfast & Brunch,3,440877,173469,58178,52.2,51398,4243,5177,20172,9781,5043,4543,2439,17251,22922,11313,6624,9815,7244,11.1,,,"1,772",0.03,1032,5261
11234,32,1138,35.6,3.6,3.8,Italian,6,Pizza,5,Asian Fusion,4,445226,370619,85627,58.2,75290,5273,6715,24281,13770,12621,6662,5968,26510,30877,13708,4013,15725,17226,10.7,,,"2,353",0.02,2115,8013
11235,119,4998,42,3.7,3.8,Russian,25,Pizza,12,Japanese,12,523710,470995,76282,51.3,61636,2791,4303,18207,11379,10284,6405,8267,20840,23333,9154,3572,8574,18570,11.9,,,518,0.08,1468,6389
11236,34,240,7.1,3.6,3.7,Restaurants,8,Caribbean,8,Chinese,4,365693,205379,74263,59.8,77225,6518,7649,26350,15609,11945,5375,3779,26880,34673,16090,6224,17270,14320,10.8,,,"2,271",0.00,10877,6904
11237,97,4926,50.8,4,4,Mexican,17,Breakfast & Brunch,9,Sandwiches,8,568157,201011,54144,57.3,41649,3384,6078,19586,5525,3868,1964,1244,18680,16377,5914,14061,4247,4757,11.9,,,429,0.12,820,4559
11238,110,14163,128.8,3.8,3.8,American (New),19,Mexican,14,Breakfast & Brunch,11,753874,537757,93028,66.8,44420,1563,4513,21952,5939,5384,2786,2283,17428,20360,4323,2522,6337,20093,12.1,,,404,0.32,345,7716
11239,6,194,32.3,2.8,2.6,Burgers,1,Sports Bars,1,Caribbean,1,372719,289723,50777,39.3,10617,633,1125,2895,1592,1082,1382,1908,1907,4787,1546,711,1984,1328,13.9,,,"1,770",0.02,329,3643
11354,141,12877,91.3,3.7,3.8,Chinese,50,Korean,40,Taiwanese,13,526039,510054,67889,55,48361,2365,3144,16863,8360,7702,4762,5165,17458,18611,9778,5575,7222,10350,13.3,,,343,0.27,530,5122
11355,143,6180,43.2,3.7,3.8,Chinese,68,Korean,16,Food Stands,7,471032,426560,63336,55.9,71330,3701,6370,25427,14338,9711,5926,5857,27836,28010,12934,12338,9746,14458,13.7,,,499,0.09,1651,4607
11356,35,882,25.2,3.6,3.6,Pizza,6,Chinese,4,Delis,4,554452,395517,77064,60.7,18260,1282,1499,7055,3071,2682,1329,1342,7225,7082,3765,2312,3271,3460,10.9,,,522,0.05,725,7066
11357,38,1503,39.6,3.8,3.7,Italian,15,Pizza,7,Delis,4,498795,578698,97365,55.1,33337,1663,2185,9754,6527,5089,3776,4343,11312,12243,5070,1816,5898,8586,11.4,,,877,0.05,842,8515
11358,103,3867,37.5,3.6,3.7,Korean,42,Japanese,13,Pizza,10,597814,476958,87032,57.3,32883,1654,2492,11624,6389,5140,2964,2620,12593,13052,5210,2906,5579,9458,12.0,,,319,0.12,877,7242
11360,18,805,44.7,3.2,3.3,Burgers,3,Steakhouses,3,American (Traditional),3,457892,546649,99635,53.6,17877,899,1111,4771,3152,3154,1978,2812,5914,6274,2048,509,2590,5930,11.1,,,993,0.05,400,8955
11361,103,6446,62.6,3.6,3.5,Korean,22,Pizza,11,Chinese,11,535289,481871,91829,58.9,24241,1396,1589,8316,4996,3579,2229,2136,8780,9700,3527,1575,4123,7666,10.7,,,235,0.27,387,8574
11362,54,1961,36.3,3.6,3.5,Japanese,8,Chinese,6,Italian,6,439315,625327,102857,58.2,15402,941,728,4245,3264,2644,1815,1765,5245,5636,1576,749,2227,5601,12.0,,,285,0.13,424,8567
11363,8,267,33.4,3.7,3.9,Italian,3,Delis,2,Barbeque,1,1382042,733276,137070,63.1,6025,328,463,1713,1303,1052,623,543,2376,2155,503,177,849,2539,12.8,,,753,0.04,180,10703
11364,31,1434,46.3,3.6,3.6,Chinese,6,Italian,5,Pizza,5,417441,547350,84975,57.7,28854,1344,1657,9465,5867,4968,2844,2709,10471,11486,4292,1329,5209,9470,12.2,,,931,0.05,623,6952
11365,27,1322,49,3.4,3.2,Chinese,9,Pizza,4,Burgers,3,536249,472900,74094,54.2,33467,1904,2623,10982,6614,5088,3184,3072,11958,13349,4571,2638,6447,9028,11.3,,,"1,240",0.04,683,6539
11366,42,1155,27.5,3.5,3.5,Chinese,9,Kosher,8,Pizza,6,567677,505017,96576,55,11191,748,1113,3075,2100,2046,1151,958,4036,4298,1346,708,1613,3554,11.2,,,266,0.10,407,8634
11367,47,1320,28.1,3.5,3.4,Pizza,9,Kosher,8,Chinese,6,312345,431336,75968,54.5,30346,1703,2732,11144,5012,4410,2752,2593,11433,11865,4238,1936,5118,9274,11.5,,,646,0.04,1080,6598
11368,76,2505,33,4.1,4,Latin American,24,Mexican,13,Pizza,8,489234,234394,58744,64.2,81574,5477,9349,38779,11880,8164,4299,3626,37777,30395,17659,22958,10969,7237,12.2,,,"1,073",0.03,2472,4802
11369,21,533,25.4,3.2,3.3,Chinese,4,Burgers,3,Sandwiches,3,549043,273238,67540,61.6,31857,2200,3639,12856,5257,3909,2038,1958,13440,12221,7361,5531,4896,4234,11.4,,,"1,517",0.02,1254,5915
11371,2,30,15,3.6,4.3,Buffets,1,Pizza,1,n/a,n/a,?,?,-,-,0,0,0,0,0,0,0,0,0,0,0,0,0,0,11.0,,,?,?,?,?
11372,158,7387,46.8,3.7,3.8,Latin American,38,Indian,18,Mexican,16,429791,321859,63975,62.5,53076,2321,4570,21569,10209,7123,4133,3151,23224,20247,9202,9498,8606,11595,12.8,,,336,0.14,1134,5000
11373,122,7288,59.7,3.7,3.7,Chinese,26,Thai,13,Mexican,11,534687,329027,62190,58.6,80723,4296,7666,34878,13537,9781,6517,4048,34627,31235,14718,16445,11739,15294,13.0,,,662,0.09,1352,4771
11374,60,3209,53.5,3.5,3.6,Chinese,10,American (Traditional),7,Russian,5,462536,431358,82140,59.4,35890,1255,2009,14257,5633,6032,3427,3277,13096,14835,4296,1398,6420,13808,11.8,,,598,0.09,671,6943
11375,90,11095,123.3,3.6,3.6,American (New),12,American (Traditional),9,Italian,8,422070,715197,103767,59.9,59383,2116,2900,22296,9902,9149,5698,7322,20482,23765,5863,1633,8075,25776,11.7,,,660,0.19,482,8852
11377,44,5898,134,3.9,3.9,Filipino,7,Mexican,7,Thai,7,458674,313172,65127,61.2,73191,3653,6620,32629,11077,9493,5292,4427,30410,29409,12474,11744,12363,16618,12.3,,,"1,663",0.08,546,5304
11378,14,755,53.9,4,4,Italian,4,Pizza,4,Burgers,2,469353,311319,72296,58.6,26329,1192,2041,9861,4528,4301,2168,2238,10168,10563,6162,2933,4971,4624,11.5,,,"1,881",0.03,488,6276
11379,32,650,20.3,3.7,3.7,Pizza,7,Chinese,6,Delis,5,494825,365401,87982,56.7,30176,1587,1927,9837,5395,4892,3155,3383,10778,11273,6090,2001,5412,6621,11.7,,,943,0.02,1487,7491
11385,65,3597,55.3,3.7,3.9,Italian,8,Pizza,7,American (Traditional),6,543753,262019,69057,57.8,79044,5286,7886,31683,13498,10551,5628,4512,31348,32270,19472,10397,14384,11479,11.8,,,"1,216",0.05,1429,5843
11411,20,62,3.1,3.2,3.4,Restaurants,4,Caribbean,4,Fast Food,3,300821,284382,88234,57.6,16565,1290,1393,4550,3202,2720,1893,1517,5748,6117,2723,865,3516,3368,13.6,,,828,0.00,5344,6512
11412,23,60,2.6,3.3,3.2,Caribbean,5,Restaurants,4,Indian,2,299276,240537,81575,59.6,29839,2279,3048,9471,6139,4042,2591,2269,10033,12667,5674,1982,7316,4680,11.2,,,"1,297",0.00,11477,7314
11413,28,221,7.9,3.5,3.7,Caribbean,8,Chinese,5,Fast Food,3,317517,251296,86603,60.9,31544,2131,2794,9966,6306,5078,2980,2289,10374,13770,5368,2575,7533,5874,11.4,,,"1,127",0.01,3993,7604
11414,41,1550,37.8,3.6,3.3,Italian,9,Pizza,7,Chinese,5,306633,361987,87326,54,23994,1131,1392,6946,3974,4120,3215,3216,7530,8902,4691,1937,4283,4129,11.9,,,585,0.06,635,7318
11415,38,1425,37.5,3.5,3.4,Pizza,6,Chinese,5,Burgers,4,348969,425629,81325,61.7,16445,880,1350,6431,2435,2698,1532,1119,6445,6469,2001,904,3167,5492,11.9,,,433,0.09,439,6855
11416,34,262,7.7,3.4,3.4,Chinese,8,Pizza,5,Spanish,3,351574,194213,69911,56.1,19293,1763,2053,7499,3325,2421,1314,918,7125,8173,4319,2794,3403,2729,12.8,,,567,0.01,2506,5470
11417,37,372,10.1,3.6,3.4,Pizza,11,Italian,5,Restaurants,5,365251,243403,77270,58.7,23769,1432,2480,9186,4649,3027,1726,1269,9588,9754,5963,3084,4409,3406,12.1,,,642,0.02,2353,6397
11418,48,615,12.8,3.7,3.5,Delis,7,Indian,6,Chinese,6,369768,275329,70183,61,29093,1965,2731,11602,5310,4188,1818,1479,12258,11573,6170,4702,4694,5534,11.6,,,606,0.02,2273,6073
11419,52,691,13.3,3.5,3.3,Caribbean,16,Restaurants,10,Indian,9,347986,238702,67136,57.7,39023,2815,4454,13720,7954,5989,2599,1492,15880,16237,10772,7127,4705,5059,12.7,,,750,0.02,2934,5266
11420,50,818,16.4,3.4,3.3,Restaurants,9,Caribbean,7,Pizza,7,339479,250859,75587,59.5,38681,3153,4113,13651,7375,5442,3068,1879,14481,16100,8992,5574,6338,5564,12.0,,,774,0.02,2359,6314
11421,43,284,6.6,3.5,3.4,Mexican,6,Pizza,6,Spanish,5,357479,237585,73247,59.2,32630,2514,3328,12836,6139,4245,2013,1555,13022,13526,6742,5065,5991,5422,11.1,,,759,0.01,4944,6580
11422,33,528,16,3.2,3.5,Caribbean,5,American (Traditional),4,Chinese,4,333827,252958,88594,65.9,25337,1926,2378,8701,5128,4009,1907,1288,8507,11709,4018,1604,6339,5877,12.4,,,768,0.02,1584,7153
11423,19,197,10.4,3.8,3.1,Chinese,3,American (New),3,Pizza,3,404195,350666,78800,58.8,26034,2123,2183,8737,4871,3632,2503,1985,9442,9981,4735,3125,4731,4649,12.0,,,"1,370",0.01,2503,6586
11426,26,432,16.6,3.4,3.6,Indian,7,Pizza,6,Halal,3,511644,386627,96004,60.6,14925,920,970,5005,3317,2403,1107,1203,5912,5783,2718,767,2900,4340,11.3,,,574,0.03,899,8532
11427,12,256,21.3,3.5,2.8,Diners,2,Burgers,2,Indian,2,380796,424398,87394,60.1,20228,1106,1879,6994,3965,3161,1779,1344,7675,8324,3719,1974,3498,4929,10.7,,,"1,686",0.01,950,8197
11428,24,191,8,3.3,3.3,Restaurants,4,Chinese,3,Indian,2,327794,289443,79245,63.4,16639,1093,1639,5814,3049,2837,1338,869,6620,6719,3443,1877,2907,3473,13.2,,,693,0.01,2080,6007
11429,14,78,5.6,3.3,3.3,Caribbean,4,Chinese,4,Delis,3,305337,256391,82062,56.9,23361,2055,2224,7955,4206,3266,2036,1619,8297,9354,4649,2036,5460,3282,11.6,,,"1,669",0.00,4172,7082
11430,43,1029,23.9,2.7,2.7,Fast Food,6,Burgers,5,American (New),5,?,?,-,40.6,101,0,5,46,20,25,5,0,96,0,51,20,10,10,10.1,,,2,10.19,4,?
11432,102,1424,14,3.6,3.5,Chinese,14,Indian,13,Pizza,12,592213,433990,70000,55.7,48249,3909,4946,16099,8528,6671,4450,3646,17499,18745,6993,6011,6704,11590,11.4,,,473,0.03,3446,6151
11433,15,85,5.7,3.6,3.4,Chicken Wings,4,Sandwiches,3,Caribbean,2,291931,197147,65457,54.2,23443,2060,2373,8566,3697,2954,2175,1618,7692,9898,4531,3158,4606,2922,10.8,,,"1,563",0.00,4113,6058
11434,40,352,8.8,3.6,3.5,Restaurants,6,Chinese,6,Caribbean,4,298234,224998,71446,56.9,48209,3686,4326,17439,8666,6538,3882,3672,16016,20953,9931,4332,11291,7089,11.1,,,"1,205",0.01,5478,6436
11435,43,767,17.8,3.5,3.8,Latin American,5,Chinese,5,Pizza,5,376762,256900,69254,58.7,42555,2628,3700,17335,7644,5995,3214,2039,17124,17550,7972,6473,6964,9565,11.5,,,990,0.02,2391,6026
11436,9,95,10.6,3.3,3.1,American (New),2,Caribbean,2,Chinese,2,267953,211720,75253,58.1,13642,1123,1288,4678,2469,2020,1148,916,4932,5523,3088,1404,2829,1846,12.5,,,"1,516",0.01,1287,6005
11691,20,80,4,3.4,3.5,Chinese,5,Pizza,4,Restaurants,3,468684,226391,64823,50.4,44693,3677,5174,15583,6852,5457,4116,3834,14757,18309,7967,6751,7087,6087,13.6,,,"2,235",0.00,11173,4773
11692,11,101,9.2,3.6,2.8,Chinese,2,American (New),2,Pizza,2,815068,260965,56726,49,12756,954,1037,4331,2702,1792,1034,906,4678,5184,2953,1868,2431,1573,12.2,,,"1,160",0.01,1387,4638
11694,39,483,12.4,3.6,3.4,Delis,5,Pizza,5,Chinese,4,536299,472143,91238,56,17425,1018,880,4977,3522,3260,1958,1810,6098,6541,2471,1176,3348,4764,12.6,,,447,0.03,1405,7229
11697,6,51,8.5,3.4,3.6,Bars,1,Burgers,1,American (New),1,3000001,62501,96169,47.1,3445,172,151,753,535,806,441,587,1104,1141,454,38,521,1081,19.1,,,574,0.01,405,5035
