Zip,Neighborhood,Borough,Zillow Home Value Index (USD),Median Single Family Home Value (USD),Percent Homes Decreasing(%),Percent Listing Price Reduction(%),Median List Price Per Sq Ft(USD),Median List Price (USD),Median Sale Price (USD),Property Tax (USD),Turnover (Sold Within Last Yr.) (%),Median Value Per Sq Ft (USD),1-Yr. Change (USD),BuiltYear<1900 (%),BuiltYear>2000 (%),BuiltYear1900-1919 (%),BuiltYear1920-1939 (%),BuiltYear1940-1959 (%),BuiltYear1960-1979 (%),BuiltYear1980-1999 (%),HomeSize<1000sqft (%),HomeSize>3600sqft (%),HomeSize1000-1400sqft (%),HomeSize1400-1800sqft (%),HomeSize1800-2400sqft (%)
10001,Chelsea,Manhattan,2190100,-1,0.1,0.076,1607,1925000,825800,14137,0.1,1688,0.223,-1,-1,-1,-1,-1,-1,-1,-1,-1,-1,-1,-1
10002,Lower East Side,Manhattan,889600,-1,0.212,0.091,1288,699000,591800,5345,0.072,1037,0.094,-1,-1,-1,-1,-1,-1,-1,-1,-1,-1,-1,-1
10003,Lower East Side,Manhattan,1425400,-1,0.17,0.183,1619,1350000,873000,10245,0.091,1647,0.053,-1,-1,-1,-1,-1,-1,-1,-1,-1,-1,-1,-1
10004,Lower Manhattan,Manhattan,1544100,-1,0.068,0.185,1457,1450000,1565000,5685,0.082,1436,0.134,-1,0.6061588331,-1,0.2495948136,-1,-1,0.1361426256,0.4140866873,0.0154798762,0.2592879257,0.1950464396,0.076625387
10005,Lower Manhattan,Manhattan,1179800,-1,0.125,0.142,1295,1150000,1085000,8409,0.11,1273,0.197,0.016064257,0.0535475234,0.2704149933,0.2603748327,0.0816599732,-1,0.3179384203,-1,-1,-1,-1,-1
10006,Lower Manhattan,Manhattan,-1,-1,0,0.239,1266,1785000,665000,2620,0.193,1918,-1,-1,-1,-1,-1,-1,-1,-1,-1,-1,-1,-1,-1
10007,Lower Manhattan,Manhattan,2551100,-1,0.136,0.085,1725,4725000,2240000,10800,0.066,2648,0.183,-1,-1,-1,-1,-1,-1,-1,-1,-1,-1,-1,-1
10009,Lower East Side,Manhattan,1064700,-1,0.193,0.193,1345,785000,500000,5389,0.06,1197,0.067,-1,-1,-1,-1,-1,-1,-1,-1,-1,-1,-1,-1
10010,Gramercy Park and Murray Hill,Manhattan,-1,-1,0,0.174,1699,1200000,830700,12248,0.097,1665,-1,-1,-1,-1,-1,-1,-1,-1,-1,-1,-1,-1,-1
10011,Chelsea,Manhattan,-1,-1,0,0.134,0,2695000,926300,8984,0.085,2298,-1,-1,-1,-1,-1,-1,-1,-1,-1,-1,-1,-1,-1
10012,Greenwich Village and Soho,Manhattan,-1,-1,0,0.137,0,3250000,1437800,10802,0.072,2347,-1,-1,-1,-1,-1,-1,-1,-1,-1,-1,-1,-1,-1
10013,Greenwich Village and Soho,Manhattan,3079000,-1,0.19,0.068,0,4775000,2630000,13016,0.059,2446,0.195,-1,-1,-1,-1,-1,-1,-1,-1,-1,-1,-1,-1
10014,Greenwich Village and Soho,Manhattan,-1,-1,0,0.184,0,2150000,964000,10213,0.066,2330,-1,-1,-1,-1,-1,-1,-1,-1,-1,-1,-1,-1,-1
10016,Gramercy Park and Murray Hill,Manhattan,-1,-1,0,0.189,0,899000,643000,8969,0.078,1436,-1,-1,-1,-1,-1,-1,-1,-1,-1,-1,-1,-1,-1
10017,Gramercy Park and Murray Hill,Manhattan,-1,-1,0,0.204,0,720000,537100,9994,0.073,1346,-1,-1,-1,-1,-1,-1,-1,-1,-1,-1,-1,-1,-1
10018,Chelsea,Manhattan,-1,-1,0,0.106,0,1125000,660300,5188,0.084,2500,-1,-1,-1,-1,-1,-1,-1,-1,-1,-1,-1,-1,-1
10019,Chelsea,Manhattan,-1,-1,0,0.136,0,1795000,640200,9195,0.074,1833,-1,-1,-1,-1,-1,-1,-1,-1,-1,-1,-1,-1,-1
10020,Chelsea,Manhattan,-1,-1,0,0,0,7750000,0,0,0,800,-1,-1,-1,-1,-1,-1,-1,-1,-1,-1,-1,-1,-1
10021,Upper East Side,Manhattan,-1,-1,0,0.178,0,1545000,918500,12660,0.073,1538,-1,-1,-1,-1,-1,-1,-1,-1,-1,-1,-1,-1,-1
10022,Gramercy Park and Murray Hill,Manhattan,-1,-1,0,0.181,0,1625000,743100,10389,0.079,1386,-1,-1,-1,-1,-1,-1,-1,-1,-1,-1,-1,-1,-1
10023,Upper West Side,Manhattan,-1,-1,0,0.22,0,1150000,985200,11390,0.065,1680,-1,-1,-1,-1,-1,-1,-1,-1,-1,-1,-1,-1,-1
10024,Upper West Side,Manhattan,-1,-1,0,0.144,0,1550000,1102200,11794,0.074,1464,-1,-1,-1,-1,-1,-1,-1,-1,-1,-1,-1,-1,-1
10025,Upper West Side,Manhattan,1037900,-1,0.171,0.181,1191,925000,831000,5135,0.061,1201,0.115,-1,-1,-1,-1,-1,-1,-1,-1,-1,-1,-1,-1
10026,Central Harlem,Manhattan,-1,-1,0,0.08,850,1125000,773800,540,0.07,1101,-1,-1,-1,-1,-1,-1,-1,-1,-1,-1,-1,-1,-1
10027,Central Harlem,Manhattan,921300,-1,0.125,0.138,0,585000,421000,484,0.08,802,0.186,-1,-1,-1,-1,-1,-1,-1,-1,-1,-1,-1,-1
10028,Upper East Side,Manhattan,-1,-1,0,0.231,0,1595000,913300,11592,0.08,1245,-1,-1,-1,-1,-1,-1,-1,-1,-1,-1,-1,-1,-1
10029,East Harlem,Manhattan,726600,-1,0.119,0.214,916,838000,670000,4012,0.088,909,0.131,0.2125154895,0.1957868649,0.3079306072,0.2118959108,0.021685254,0.0167286245,0.0334572491,-1,-1,-1,-1,-1
10030,Central Harlem,Manhattan,576000,-1,0.378,0.158,0,585000,465000,678,0.065,599,0.002,0.0782414307,0.1713859911,0.4605067064,0.2667660209,-1,0.0111773472,-1,-1,-1,-1,-1,-1
10031,Inwood and Washington Heights,Manhattan,619500,-1,0.13,0.132,644,499000,375000,2923,0.085,624,0.14,0.1477457903,0.0543183053,0.4057577404,0.3758826725,0.0119500272,-1,-1,-1,-1,-1,-1,-1
10032,Inwood and Washington Heights,Manhattan,-1,-1,0,0.045,0,499900,499000,2265,0.074,673,-1,-1,-1,-1,-1,-1,-1,-1,-1,-1,-1,-1,-1
10033,Inwood and Washington Heights,Manhattan,-1,-1,0,0.141,0,465000,439300,3704,0.101,520,-1,-1,-1,-1,-1,-1,-1,-1,-1,-1,-1,-1,-1
10034,Inwood and Washington Heights,Manhattan,-1,-1,0,0.155,0,320000,315000,2541,0.114,424,-1,-1,-1,-1,-1,-1,-1,-1,-1,-1,-1,-1,-1
10035,East Harlem,Manhattan,-1,-1,0,0.164,0,600000,0,200,0.095,667,-1,0.2893823734,0.3990284525,0.2095766829,0.0680083276,0.0076335878,0.0138792505,0.0124913255,-1,-1,-1,-1,-1
10036,Chelsea,Manhattan,1150000,-1,0.074,0.206,1540,1349900,894400,5214,0.073,1558,0.164,0.021167634,0.6722430864,0.0679412769,0.0928644589,-1,0.0191191533,0.1235916695,-1,-1,-1,-1,-1
10037,Central Harlem,Manhattan,-1,-1,0,0.075,0,278100,425900,6335,0.071,653,-1,-1,-1,-1,-1,-1,-1,-1,-1,-1,-1,-1,-1
10038,Lower Manhattan,Manhattan,-1,-1,0,0.228,1255,1100000,905000,8351,0.082,1102,-1,-1,-1,-1,-1,-1,-1,-1,-1,-1,-1,-1,-1
10039,Central Harlem,Manhattan,-1,-1,0,0.045,0,387500,481500,151,0.038,649,-1,-1,-1,-1,-1,-1,-1,-1,-1,-1,-1,-1,-1
10040,Inwood and Washington Heights,Manhattan,-1,-1,0,0.187,0,389000,327300,6178,0.112,460,-1,-1,-1,-1,-1,-1,-1,-1,-1,-1,-1,-1,-1
10044,Upper East Side,Manhattan,-1,-1,0,0.438,0,745000,47445200,1989,0.041,961,-1,-1,0.9948275862,-1,-1,-1,-1,-1,0.6546112116,-1,0.287522604,0.0524412297,-1
10128,Upper East Side,Manhattan,-1,-1,0,0.243,0,1199000,849800,11672,0.067,1140,-1,-1,-1,-1,-1,-1,-1,-1,-1,-1,-1,-1,-1
10280,Lower Manhattan,Manhattan,725200,-1,0.16,0.286,1046,699000,628000,13280,0.045,1030,0.207,-1,-1,-1,-1,-1,-1,-1,0.8359326263,-1,0.1316281971,0.0208983157,0.0084217093
10301,Stapleton and St. George,Staten Island,412800,447600,0.31,0.338,276,425000,475400,3384,0.032,282,0.073,0.0409034568,0.0665197631,0.1293210302,0.365514392,0.137997521,0.1220217601,0.1377220768,0.1193438914,0.0815893665,0.1681278281,0.2037613122,0.2345871041
10302,Port Richmond,Staten Island,320600,320600,0.282,0.296,236,329000,280000,2694,0.027,218,0.025,0.0632780083,0.0855809129,0.1859439834,0.3970435685,0.1314834025,0.0783195021,0.0583506224,0.0771829522,0.0192307692,0.3071725572,0.257016632,0.2406444906
10303,Port Richmond,Staten Island,279600,285100,0.216,0.342,204,269000,200000,2349,0.027,202,0.07,0.0374351371,0.1745737583,0.1039659007,0.1293550778,0.0492957746,0.1275018532,0.3778724981,0.149195058,0.0093597903,0.3000748783,0.2465368776,0.2186447024
10304,Stapleton and St. George,Staten Island,385500,392800,0.313,0.355,255,360000,293000,3174,0.032,245,0.043,0.0418356704,0.123768687,0.1106733109,0.1643295863,0.1170471665,0.1768455209,0.2655000579,0.1329262565,0.0829027713,0.2312118365,0.1855331141,0.2368482856
10305,Stapleton and St. George,Staten Island,370500,377600,0.432,0.356,259,399000,354800,3240,0.029,263,0.004,0.0176494184,0.1285599679,0.0750100281,0.1409947854,0.117729643,0.2439831528,0.2760730044,0.1417577967,0.0250101256,0.2317739976,0.219218307,0.2795666262
10306,South Shore,Staten Island,397700,404400,0.388,0.423,288,419000,368800,3539,0.035,293,0.009,0.0053539934,0.0920886873,0.0173217435,0.1558327035,0.1434240363,0.3539304611,0.2320483749,0.1514957811,0.0197519816,0.2892482741,0.2236001023,0.2221298901
10307,South Shore,Staten Island,482300,489200,0.251,0.494,285,589900,450000,3574,0.029,293,0.066,0.0231822972,0.1825605901,0.1209167545,0.1322444679,0.0547945205,0.0571654373,0.4291359326,0.1078639745,0.1596705632,0.1198193411,0.1503719447,0.1790648247
10308,South Shore,Staten Island,407000,413000,0.313,0.492,287,424900,424800,3557,0.026,276,0.012,0.0071230231,0.0581914765,0.0152118798,0.0994808644,0.0930822166,0.4637208741,0.2631896656,0.1105996366,0.016353725,0.2887946699,0.2556026651,0.2316172017
10309,South Shore,Staten Island,456400,471900,0.251,0.494,246,499900,386200,3920,0.032,251,0.035,0.0126869053,0.1948346171,0.0180108745,0.0498414137,0.0471227911,0.0970774807,0.5804259175,0.0603956959,0.0963785723,0.121022793,0.1441629064,0.2954992479
10310,Port Richmond,Staten Island,390500,397400,0.176,0.383,267,379900,351500,3205,0.033,251,0.07,0.0831234257,0.0906801008,0.1344008636,0.3751349406,0.1523929471,0.0548758546,0.1093918676,0.0680100756,0.0289672544,0.2808564232,0.2759985606,0.2315581144
10312,South Shore,Staten Island,420500,425400,0.209,0.457,260,435000,407400,3613,0.031,272,0.036,0.0011258092,0.0925978047,0.0062482409,0.0400788066,0.077061638,0.39386434,0.3890233605,0.0726914414,0.0523648649,0.2217905405,0.2025900901,0.3004504505
10314,Mid-Island,Staten Island,388500,417600,0.24,0.322,259,399900,363500,3242,0.031,268,0.036,0.0046063652,0.0470268007,0.0191373534,0.0832077052,0.1206030151,0.3667504188,0.3586683417,0.1266277309,0.0123296561,0.2421804023,0.188492321,0.3030067056
10451,High Bridge and Morrisania,Bronx,-1,-1,0,0.109,0,160000,0,145,0.099,220,-1,-1,-1,-1,-1,-1,-1,-1,-1,-1,-1,-1,-1
10452,High Bridge and Morrisania,Bronx,-1,-1,0,0.138,0,145000,0,1088,0.052,112,-1,0.1024464832,0.1865443425,0.2706422018,0.3119266055,0.0290519878,-1,0.0978593272,-1,-1,-1,-1,-1
10453,Central Bronx,Bronx,-1,-1,0,0.222,0,324000,0,2156,0.059,159,-1,0.0575256107,0.0654058314,0.2876280536,0.3388494878,0.0094562648,0.0094562648,0.231678487,-1,-1,-1,-1,-1
10454,Hunts Point and Mott Haven,Bronx,-1,-1,0,0.071,0,350000,0,1308,0.029,172,-1,0.0626506024,0.2084337349,0.3771084337,0.1096385542,0.2397590361,0.09963548,0.0364520049,0.0753341434,0.4993924666,0.2709599028,-1,-1
10455,Hunts Point and Mott Haven,Bronx,-1,-1,0,0.25,0,259900,0,1536,0.028,268,-1,0.0363815143,0.1779744346,0.343166175,0.0560471976,0.3785644051,0.0367428004,0.1092353525,0.1350546177,0.0546176763,0.3247269116,0.317775571,-1
10456,High Bridge and Morrisania,Bronx,256200,285700,0.265,0.105,201,349000,0,1117,0.039,208,0.078,0.0952879581,0.1863874346,0.2293193717,0.2062827225,0.277486911,0.0464509395,0.1503131524,0.2379958246,0.0548016701,0.1649269311,0.3168058455,-1
10457,Central Bronx,Bronx,-1,-1,0,0.143,0,315000,0,1842,0.044,158,-1,0.1035834267,0.1438969765,0.3477043673,0.1746920493,0.0089585666,0.0246360582,0.1965285554,-1,-1,-1,-1,-1
10458,Bronx Park and Fordham,Bronx,-1,-1,0,0.067,0,125000,0,2418,0.07,136,-1,0.0231958763,0.0676546392,0.5019329897,0.3318298969,0.0180412371,0.0096649485,0.0476804124,-1,-1,-1,-1,-1
10459,Hunts Point and Mott Haven,Bronx,268500,308600,0.485,0.261,175,214000,0,1614,0.031,183,0.027,0.0271710176,0.1523708045,0.210442195,0.1177410762,0.4896110815,0.0465698548,0.0951427141,0.1627441162,0.1196795193,0.2573860791,0.2934401602,-1
10460,Central Bronx,Bronx,-1,-1,0,0.122,0,199000,0,2925,0.09,140,-1,0.0718954248,0.161387632,0.2624434389,0.2765208648,0.0191050779,0.0201106083,0.1885369532,0.0149100257,0.1460154242,0.0550128535,0.0899742931,0.2812339332
10461,Southeast Bronx,Bronx,-1,-1,0,0.232,251,429000,348000,3674,0.034,259,-1,0.0197165742,0.0414356131,0.089340727,0.4711953173,0.2660197166,0.0979667283,0.0143253235,0.0283788021,0.0736908122,0.1091251176,0.2284415177,0.2585449984
10462,Southeast Bronx,Bronx,106800,-1,0.716,0.236,152,140000,116700,1126,0.023,161,-0.079,-1,-1,-1,-1,-1,-1,-1,0.7317911847,0.0251953736,0.0455767427,0.036761488,0.0706470772
10463,Kingsbridge and Riverdale,Bronx,510900,559900,0.332,0.246,360,279000,320800,3347,0.188,260,0.047,-1,-1,-1,-1,-1,-1,-1,-1,-1,-1,-1,-1
10464,Southeast Bronx,Bronx,426100,434500,0.557,0.538,313,439000,0,4007,0.023,315,-0.043,0.0628480509,0.0453460621,0.0962609387,0.4606205251,0.1599045346,0.1042163882,0.0708035004,0.1738148984,0.0443942814,0.2159518435,0.2325056433,0.2136945071
10465,Southeast Bronx,Bronx,389900,396100,0.416,0.28,257,410000,388300,3777,0.037,250,0.001,0.0901577761,0.030052592,0.3112947658,0.2668419735,0.2354119709,0.0649887303,0.0806431353,0.0570280116,0.1494787087,0.2414269564,0.2689360633,0.1997236528
10466,Northeast Bronx,Bronx,337000,337100,0.287,0.1,229,389000,417000,3216,0.031,235,0.016,0.0140021916,0.0448070133,0.0796298551,0.3904785097,0.2566662608,0.1698526726,0.0445634969,0.0213106677,0.0651638335,0.1617393447,0.2091648189,0.2618871643
10467,Bronx Park and Fordham,Bronx,312300,-1,0.095,0.129,0,299000,212600,2741,0.075,199,0.066,0.0228512075,0.0875097377,0.2227992729,0.3508179694,0.1859257336,0.1165930927,0.0135029862,0.0835084034,0.149947479,0.0480567227,0.1137079832,0.2134978992
10468,Bronx Park and Fordham,Bronx,-1,-1,0,0.211,0,138000,0,2513,0.081,147,-1,-1,-1,-1,-1,-1,-1,-1,-1,-1,-1,-1,-1
10469,Northeast Bronx,Bronx,355200,356700,0.296,0.175,221,379000,371000,3443,0.033,242,0.034,0.009191699,0.0601724628,0.0321235668,0.2044916138,0.4792949872,0.1737894438,0.0409362267,0.0244601567,0.0494935983,0.0964074145,0.2507166062,0.3331740875
10470,Northeast Bronx,Bronx,-1,-1,0,0.28,0,329000,0,3604,0.036,179,-1,0.023255814,0.0394337715,0.2143579373,0.4251769464,0.1097067745,0.160768453,0.0273003033,0.0158405723,0.0868676546,0.0792028615,0.213592233,0.2866632601
10471,Kingsbridge and Riverdale,Bronx,762500,904500,0.215,0.353,0,278000,214200,6974,0.071,272,0.153,-1,-1,-1,-1,-1,-1,-1,-1,-1,-1,-1,-1
10472,Southeast Bronx,Bronx,-1,-1,0,0.1,0,425000,0,3176,0.044,172,-1,0.007831488,0.0372670807,0.0656224683,0.5927626249,0.1609505806,0.1250337564,0.0105320011,0.0051728832,0.1372175334,0.0465559488,0.0977402668,0.1628096923
10473,Southeast Bronx,Bronx,324400,327900,0.366,0.25,231,325000,405600,2338,0.072,235,0.025,0.0076801891,0.2107128791,0.0472627019,0.2644742024,0.1199291059,0.2069712485,0.1429696731,0.0895752896,0.0291505792,0.2133204633,0.1727799228,0.2635135135
10474,Hunts Point and Mott Haven,Bronx,-1,-1,0.733,0.071,0,475000,0,1715,0.042,0,-1,0.0927318296,0.2155388471,0.335839599,0.328320802,-1,-1,-1,-1,-1,-1,-1,-1
10475,Northeast Bronx,Bronx,-1,-1,0,0.062,0,182000,0,3323,0.081,151,-1,0.2079831933,0.0588235294,0.218487395,0.1722689076,0.1995798319,0.1365546218,0.094017094,0.0811965812,0.1153846154,0.1987179487,0.2136752137,0.297008547
11004,Southeast Queens,Queens,550200,550200,0.122,0.156,457,285900,265500,5030,0.04,368,0.077,-1,-1,-1,-1,-1,-1,-1,-1,-1,-1,-1,-1
11005,Southeast Queens,Queens,-1,-1,0,0.136,0,379000,545900,0,0.121,465,-1,-1,-1,-1,-1,-1,-1,-1,-1,-1,-1,-1,-1
11101,Northwest Queens,Queens,793800,722700,0.212,0.167,827,865000,800300,569,0.111,974,0.101,0.1584278768,0.397082658,0.1308752026,0.2645867099,0.0328200972,0.0133711507,0.2988154375,0.0542606037,0.2862055789,0.1230416507,0.1150171953,0.1096675583
11102,Northwest Queens,Queens,-1,678900,0,0.084,0,545000,0,1115,0.046,767,-1,0.0351084813,0.1400394477,0.1305719921,0.4339250493,0.0927021696,0.1057199211,0.0619329389,0.2483592401,0.0853195164,0.0659758204,0.1322970639,0.190328152
11103,Northwest Queens,Queens,669400,698900,0.215,0.046,602,515000,0,2665,0.04,820,0.066,0.0171463564,0.0254133497,0.1625842009,0.476117575,0.171463564,0.1301285977,0.0171463564,0.0277185501,0.1157477917,0.0798050564,0.1282363692,0.2598233323
11104,Northwest Queens,Queens,-1,720900,0,0.288,588,375000,200000,2555,0.037,411,-1,-1,-1,-1,-1,-1,-1,-1,0.3011049724,0.0226519337,0.135359116,0.1436464088,0.1883977901
11105,Northwest Queens,Queens,647500,670200,0.131,0.304,562,330000,0,4412,0.03,513,0.042,0.0603448276,0.0108259824,0.0370890136,0.601042502,0.2004811548,0.0769847634,0.0132317562,0.0427882684,0.0460024106,0.1163117718,0.2253917236,0.2802330253
11106,Northwest Queens,Queens,559700,662400,0.307,0.105,596,450000,354900,773,0.055,749,0.076,0.077157803,0.1586748038,0.4110723627,0.2035745423,0.0828247602,0.0658238884,0.1033737024,0.0882352941,0.071799308,0.1388408304,0.2802768166,0.3066608997
11201,Northwest Brooklyn,Brooklyn,975600,3488400,0.126,0.103,976,915000,832500,570,0.083,1108,0.134,-1,-1,-1,-1,-1,-1,-1,-1,-1,-1,-1,-1
11203,Flatbush,Brooklyn,383500,382300,0.175,0.119,263,439000,440000,3318,0.028,270,0.058,0.0116988301,0.0244975502,0.1130886911,0.5671432857,0.2565743426,0.0144985501,0.0124987501,0.0171571072,0.0686284289,0.1704738155,0.2686284289,0.270723192
11204,Borough Park,Brooklyn,717700,747700,0.13,0.143,449,658000,648000,3577,0.033,513,0.129,0.005853358,0.0585335798,0.0853357979,0.7181146026,0.0640788663,0.0326555761,0.0354282193,0.0272088651,0.1391115069,0.1211041852,0.1476204611,0.2057979618
11205,Northwest Brooklyn,Brooklyn,735100,1748100,0.141,0.065,612,529000,578300,473,0.088,657,0.312,-1,-1,-1,-1,-1,-1,-1,0.1276931161,0.1290068313,0.246452969,0.1003678403,0.1332107199
11206,Bushwick and Williamsburg,Brooklyn,-1,-1,0,0.065,0,800000,415000,456,0.042,626,-1,0.1214470284,0.3772609819,0.1240310078,0.2343669251,0.1387596899,0.0999327806,0.1664799462,0.16468743,0.1250280081,0.1584136231,0.2630517589,-1
11207,East New York and New Lots,Brooklyn,319600,333300,0.169,0.08,287,539000,273000,1316,0.038,295,0.096,0.0546116505,0.1439761695,0.3310900265,0.2808914387,0.0068402471,0.0660856134,0.1165048544,0.0943773095,0.092879257,0.1819634475,0.08878458,0.2228103465
11208,East New York and New Lots,Brooklyn,329400,330900,0.17,0.078,270,429000,386700,2248,0.028,265,0.067,0.0565385823,0.1257459952,0.4072871951,0.2766202492,0.0210449168,0.0538163543,0.0589467072,0.0218003546,0.061541671,0.1500990925,0.1371649108,0.2956086367
11209,Southwest Brooklyn,Brooklyn,833400,910100,0.149,0.22,539,270000,267200,5259,0.063,386,0.105,0.0498996991,0.0339769308,0.2034854564,0.6084503511,0.0530341023,0.0225677031,0.0285857573,0.068582468,0.0834339532,0.0975609756,0.1433228689,0.2617725187
11210,Flatbush,Brooklyn,608800,614700,0.231,0.125,380,264900,378000,4285,0.038,299,0.125,0.0083854819,0.0112640801,0.1969962453,0.7107634543,0.0584480601,0.009261577,0.0048811014,0.0097026993,0.0610772484,0.1778828212,0.2652071153,0.2569971389
11211,Greenpoint,Brooklyn,904700,1122200,0.103,0.203,0,950000,894200,436,0.047,1076,0.255,0.1968688845,0.2534246575,0.3043052838,0.1886497065,0.0166340509,0.0031311155,0.0369863014,0.1805904523,0.1407035176,0.1710113065,0.1184045226,0.1311243719
11212,Central Brooklyn,Brooklyn,314200,313600,0.145,0.186,264,349000,0,2569,0.016,260,0.067,0.0130093744,0.0694471016,0.0413238952,0.5184618328,0.0820738473,0.0036349723,0.2720489765,0.1122156375,0.2246224431,0.1181418467,0.1856241636,0.35442554
11213,Central Brooklyn,Brooklyn,-1,837700,0,0.039,385,550000,320000,3276,0.072,356,-1,0.1408650437,0.0723233278,0.4481210116,0.2987473411,0.0063814701,0.0316709998,0.0235159817,0.1618721461,0.0337899543,0.0794520548,0.2118721461,0.4728310502
11214,Southwest Brooklyn,Brooklyn,591600,682800,0.068,0.155,444,529000,312400,1523,0.061,437,0.149,0.0203095839,0.0903502031,0.0892523877,0.4477988802,0.1787243386,0.1373367,0.0362279065,0.0585273757,0.1004824837,0.0982798406,0.1561778897,0.2164883575
11215,Northwest Brooklyn,Brooklyn,933000,1764100,0.142,0.153,877,859000,802900,1593,0.08,934,0.117,0.2474367738,0.1159717476,0.3849396218,0.2243107769,0.0133287765,0.0048986102,0.0091136933,0.1443510355,0.1813614927,0.0953454993,0.1073405782,0.1846421981
11216,Central Brooklyn,Brooklyn,735300,1013100,0.044,0.052,0,900000,0,1367,0.072,550,0.248,0.3616580311,0.0826943005,0.4020725389,0.1405181347,0.0095336788,0.061971831,0.2150905433,0.0217303823,0.0229376258,0.1416498994,0.5261569416,-1
11217,Northwest Brooklyn,Brooklyn,987200,2561900,0.17,0.167,892,1100000,975200,2260,0.075,1002,0.079,-1,-1,-1,-1,-1,-1,-1,0.1311985768,0.2283744719,0.1220813876,0.0602623972,0.1045141205
11218,Borough Park,Brooklyn,758200,886800,0.162,0.145,543,400000,445500,2509,0.066,486,0.137,0.1124738259,0.0676039485,0.276697577,0.4539335926,0.0349985043,0.0170505534,0.0372419982,0.0804745569,0.0879073756,0.1096340766,0.1373642081,0.2454259577
11219,Borough Park,Brooklyn,-1,828300,0,0.143,0,589000,452500,1893,0.04,500,-1,0.0200721154,0.1013221154,0.1855769231,0.4501201923,0.0408653846,0.0865384615,0.1155048077,0.0353719763,0.2665449566,0.079529895,0.0880876312,0.158261068
11220,Sunset Park,Brooklyn,633400,768700,0.069,0.113,539,369000,275000,1498,0.069,522,0.193,0.0790945753,0.0446207883,0.3985950306,0.4255236113,0.0343436972,0.0102770912,0.0075452062,0.0670383982,0.0904828285,0.0444810544,0.066024585,0.1879356229
11221,Bushwick and Williamsburg,Brooklyn,717800,772300,0.056,0.168,397,940000,0,1251,0.116,343,0.34,0.3054079826,0.1059801117,0.3133088135,0.1881215093,0.0020433183,0.0847296009,0.0139208001,0.1751588052,0.0152723341,0.0458170023,0.2132720638,0.5323692391
11222,Greenpoint,Brooklyn,842400,1208000,0.06,0.137,895,895000,700000,490,0.107,858,0.278,0.2134292566,0.1705302425,0.3309352518,0.2573940847,0.0063948841,0.0109245937,0.0103916867,0.1581709145,0.1581709145,0.0704647676,0.0932033983,0.1861569215
11223,Southern Brooklyn,Brooklyn,-1,-1,0,0.202,508,500000,651200,3495,0.042,447,-1,0.0043218769,0.0535089525,0.0668861906,0.7026137065,0.094772587,0.0667832887,0.0111133978,0.0296847904,0.1165969601,0.1403651943,0.1547485464,0.2497194736
11224,Southern Brooklyn,Brooklyn,446100,431900,0.45,0.215,384,449000,275300,2022,0.046,344,0.04,0.0445134576,0.0420979986,0.2194616977,0.0414078675,0.3305728088,0.320220842,0.2361382909,0.060665362,0.2596216569,0.1842791911,0.1382909328,0.1193737769
11225,Flatbush,Brooklyn,898400,1115900,0.081,0.107,476,1250000,375200,3528,0.055,530,0.138,0.0466396292,0.0666280417,0.4269988413,0.4443800695,0.0066628042,0.0031865585,0.0055040556,0.0522178551,0.1221224031,0.0597978664,0.1313868613,0.2209432903
11226,Flatbush,Brooklyn,625800,821700,0.085,0.109,446,529000,450600,3442,0.061,402,0.25,0.1201345507,0.0480538203,0.4036520903,0.4089380106,0.0088899568,0.0060067275,0.0043248438,0.0649233544,0.1212804328,0.0703336339,0.1061767358,0.1995040577
11228,Southwest Brooklyn,Brooklyn,749500,756600,0.078,0.235,485,689000,685000,4584,0.038,475,0.12,0.0161290323,0.0272258065,0.1086451613,0.6790967742,0.1187096774,0.0356129032,0.0145806452,0.0181403019,0.0761131549,0.1286312318,0.159203349,0.2956996067
11229,Southern Brooklyn,Brooklyn,567700,577900,0.258,0.236,394,240000,379300,3598,0.045,291,0.059,0.0475228391,0.0310084329,0.6459943781,0.2279515109,0.0328531272,0.0142304989,0.0829184549,0.0456652361,0.2069527897,0.2480686695,0.2549356223,0.1533905579
11230,Borough Park,Brooklyn,851800,930900,0.131,0.163,486,289000,322900,4555,0.05,363,0.173,0.0136,0.0404,0.2110666667,0.6464,0.0378666667,0.0324,0.0182666667,0.0459190273,0.1140861467,0.1014099082,0.1746216531,0.2132971155
11231,Northwest Brooklyn,Brooklyn,897400,2230300,0.118,0.175,891,1335800,865000,2028,0.061,1000,0.106,0.4259752847,0.104191907,0.192149261,0.2469105888,0.005088442,0.005088442,0.0205960746,0.1690317195,0.1375208681,0.1020450751,0.0648998331,0.1798831386
11232,Sunset Park,Brooklyn,572900,739300,0.166,0.205,605,400000,307200,383,0.08,466,0.29,0.087594697,0.1070075758,0.4971590909,0.2651515152,0.0175189394,0.0080492424,0.0175189394,0.1458707361,0.0830341113,0.0763016158,0.1288150808,0.2378815081
11233,Central Brooklyn,Brooklyn,-1,614800,0,0.102,412,549000,0,763,0.043,358,-1,0.3686547284,0.1447387894,0.3355039219,0.089388782,0.0603818263,0.0360255665,0.1236199884,0.0335560721,0.0753922138,0.2203660662,0.5052295177,-1
11234,Canarsie and Flatlands,Brooklyn,463500,469400,0.274,0.155,348,559000,464300,3758,0.029,379,0.037,0.0011759675,0.0251763951,0.0079645072,0.4715095146,0.197509087,0.2588197563,0.0378447723,0.0589439429,0.0346945203,0.2598677304,0.2161452866,0.2437539366
11235,Southern Brooklyn,Brooklyn,587000,626900,0.378,0.21,464,429000,263600,1733,0.071,445,0.009,-1,-1,-1,-1,-1,-1,-1,0.1218798956,0.0662140992,0.1746214099,0.1702349869,0.2644386423
11236,Canarsie and Flatlands,Brooklyn,359200,375100,0.431,0.158,294,379000,24000,2991,0.024,301,-0.004,0.0029063431,0.0208530117,0.0236866962,0.2203008065,0.2474024559,0.4623265276,0.022524159,0.0653490152,0.0285336488,0.1448256664,0.2234671863,0.2737142459
11237,Bushwick and Williamsburg,Brooklyn,-1,-1,0,0.053,605,749000,404600,958,0.113,618,-1,0.0488454707,0.0772646536,0.343250444,0.4555950266,0.039964476,0.0053285968,0.0297513321,0.0663829787,0.290212766,0.0591489362,0.0510638298,0.0961702128
11238,Central Brooklyn,Brooklyn,786600,1840000,0.083,0.135,0,715000,690200,1519,0.09,793,0.238,-1,-1,-1,-1,-1,-1,-1,0.1726829268,0.167804878,0.1180487805,0.0604878049,0.1225365854
11239,Canarsie and Flatlands,Brooklyn,-1,-1,0,0.273,0,342000,0,950,0.08,0,-1,-1,0.6083550914,-1,-1,-1,-1,0.3890339426,-1,-1,0.2708333333,0.3489583333,0.3697916667
11354,North Queens,Queens,570700,725100,0.168,0.18,517,275000,219300,2689,0.061,399,0.165,-1,-1,-1,-1,-1,-1,-1,0.2649514398,0.0557164764,0.1465326291,0.1414210257,0.1894700971
11355,North Queens,Queens,573900,653700,0.195,0.099,516,379000,305000,2487,0.057,471,0.078,0.1361302442,0.0484658735,0.2477144646,0.3109580463,0.1670632436,0.0892924233,0.2332537246,0.0360514045,0.1695667008,0.190606164,0.1741157739,0.1837825543
11356,North Queens,Queens,534500,560100,0.16,0.333,442,558000,480000,3393,0.045,424,0.111,0.1276240458,0.1071087786,0.3874045802,0.161259542,0.1395515267,0.0765744275,0.0800533689,0.0320213476,0.1387591728,0.2185901712,0.2899710918,0.2370469202
11357,North Queens,Queens,715200,716600,0.183,0.333,526,560000,564300,5259,0.044,436,0.054,0.0446056984,0.0175008003,0.2420232633,0.4654786042,0.1887738769,0.0415110447,0.0371940235,0.0443997033,0.2792200911,0.2124615874,0.2286743669,0.1915863092
11358,North Queens,Queens,678600,684400,0.088,0.262,463,788000,748900,4915,0.037,479,0.079,0.0018326206,0.0321319487,0.0204031765,0.4447159438,0.386927306,0.0901649359,0.0238240684,0.0431179438,0.0294258948,0.1982944992,0.296540956,0.25822724
11359,North Queens,Queens,-1,-1,0,0,0,0,0,0,0,0,-1,-1,-1,-1,-1,-1,-1,-1,-1,-1,-1,-1,-1
11360,North Queens,Queens,641600,831800,0.429,0.346,566,332000,328200,3899,0.059,422,0,-1,-1,-1,-1,-1,-1,-1,-1,-1,-1,-1,-1
11361,Northeast Queens,Queens,657200,664500,0.139,0.324,515,635000,597900,4709,0.038,498,0.045,0.0372393247,0.025653757,0.3694141013,0.3849718636,0.1342270771,0.0483283681,0.050166113,0.0244186047,0.2950166113,0.2089700997,0.2323920266,0.1842192691
11362,Northeast Queens,Queens,768400,797900,0.224,0.274,505,368000,572300,5670,0.042,479,0.061,-1,-1,-1,-1,-1,-1,-1,0.0689213426,0.0494491417,0.2846528312,0.1865231873,0.2439149372
11363,Northeast Queens,Queens,853700,862400,0.449,0.454,518,785000,0,5999,0.037,481,-0.02,-1,0.034607438,0.0237603306,0.5242768595,0.2091942149,0.1787190083,0.0294421488,0.0642154324,0.08751942,0.196271362,0.1563956499,0.2703262558
11364,Northeast Queens,Queens,701500,712000,0.166,0.226,512,219000,259300,5124,0.047,344,0.043,-1,-1,-1,-1,-1,-1,-1,0.0607907486,0.0100015627,0.3455227379,0.2248788873,0.2037818409
11365,Central Queens,Queens,662200,681600,0.124,0.169,489,650000,551300,4742,0.042,424,0.093,-1,0.043956044,0.0016558784,0.1047719404,0.7114255607,0.0836971248,0.0544934518,0.102661597,0.0301257678,0.256069026,0.2658672126,0.2022521205
11366,Central Queens,Queens,690500,692400,0.162,0.188,476,769000,650000,5027,0.037,498,0.055,-1,0.0132956153,-1,0.1782178218,0.7504950495,0.0446958982,0.0118811881,0.0259776536,0.006424581,0.3480446927,0.2902234637,0.2715083799
11367,Central Queens,Queens,565300,584900,0.125,0.179,443,199900,263500,4182,0.053,287,0.077,-1,0.0108322802,-1,0.0584943131,0.7459830294,0.168803033,0.0151651923,-1,-1,-1,-1,-1
11368,West Queens,Queens,404100,514900,0.131,0.097,460,260000,230000,1151,0.058,409,0.087,0.1604301075,0.1717562724,0.4488888889,0.0368458781,0.1261648746,0.0551971326,0.0897292771,0.1278258443,0.0728439855,0.1152665364,0.233463578,0.3551493162
11369,West Queens,Queens,508700,508700,0.108,0.146,398,419000,325000,3781,0.045,315,0.104,0.0394549522,0.0687411023,0.5078299776,0.3050640635,0.0557250356,0.0229814928,0.0148585386,0.0242214533,0.150620802,0.2525951557,0.3637288826,0.193364543
11370,West Queens,Queens,517700,581600,0.21,0.184,434,389000,325000,2413,0.034,405,0.067,0.0231097714,0.0095453404,0.2891233358,0.3966340116,0.2614920874,0.0198442602,0.2093442952,0.0272709044,0.0814116703,0.2131542009,0.2197714057,0.2480449168
11372,West Queens,Queens,483800,647500,0.117,0.136,447,238000,226700,2520,0.063,298,0.153,-1,-1,-1,-1,-1,-1,-1,-1,-1,-1,-1,-1
11373,West Queens,Queens,437000,605100,0.229,0.156,458,265000,239000,2248,0.05,358,0.016,0.0717907659,0.081265012,0.346810782,0.2049639712,0.1832132373,0.1119562317,0.1706257982,0.0848020434,0.1090676884,0.151596424,0.1851851852,0.2841634738
11374,West Central Queens,Queens,587700,655000,0.208,0.198,489,279000,253600,3425,0.056,412,0.064,-1,-1,-1,-1,-1,-1,-1,-1,-1,-1,-1,-1
11375,West Central Queens,Queens,755000,817800,0.235,0.217,565,285000,282400,4985,0.058,377,0.057,-1,-1,-1,-1,-1,-1,-1,-1,-1,-1,-1,-1
11377,West Queens,Queens,566200,582400,0.192,0.123,474,249000,226800,3525,0.061,400,0.046,0.0642228739,0.0775659824,0.381085044,0.2887096774,0.1347507331,0.0529325513,0.0712312836,0.0600377962,0.1139700538,0.2120947812,0.26079372,0.2744584969
11378,West Queens,Queens,532200,534100,0.112,0.174,456,525000,480000,3475,0.034,381,0.102,0.0051583321,0.0332425849,0.1326837656,0.4688350767,0.2534747098,0.0842527583,0.0223527726,0.044269341,0.0326647564,0.1895415473,0.26747851,0.2603151862
11379,West Central Queens,Queens,565400,570400,0.096,0.162,469,598000,569700,4144,0.028,403,0.056,0.0348363043,0.0321565886,0.3581498311,0.3918210416,0.1605499243,0.0220202726,0.0654734411,0.0252886836,0.224595843,0.273556582,0.2234411085,0.1856812933
11385,West Central Queens,Queens,475200,484200,0.172,0.212,393,507000,440300,3621,0.038,373,0.07,0.0037677123,0.0196576296,0.3013350807,0.5690883774,0.0717503481,0.0277664018,0.00663445,0.0299386701,0.0751291156,0.1269367334,0.1225790833,0.2508069722
11411,Southeast Queens,Queens,375100,375100,0.348,0.172,297,399000,386000,3593,0.026,301,0.011,-1,-1,-1,0.2127415343,0.7503348001,0.0338626363,-1,0.0577769275,-1,0.5205662904,0.277597092,0.1207193419
11412,Jamaica,Queens,361000,361000,0.398,0.121,253,379900,379800,3132,0.032,243,0.004,0.0200215801,0.0125884187,0.661431483,0.2746673061,0.0208608081,0.0101906246,0.0295034781,0.0040777165,0.3201007436,0.3663948189,0.2031662269,0.0766370832
11413,Southeast Queens,Queens,373800,373800,0.338,0.137,295,369000,350000,3431,0.025,285,0.024,0.0419330372,0.012894138,0.4260483259,0.3918084299,0.0854913858,0.0418246831,0.0655097614,0.0091106291,0.325813449,0.2728850325,0.2219088937,0.1045553145
11414,Southwest Queens,Queens,533600,571200,0.479,0.281,338,227000,195100,3693,0.037,275,-0.001,0.0283448625,0.0118103594,0.1542095495,0.2443057196,0.5260671503,0.034587481,0.1181863644,0.0256709452,0.1640273379,0.1220203367,0.3500583431,0.2142023671
11415,Southwest Queens,Queens,508900,791800,0.233,0.225,429,199000,212800,3652,0.052,259,0.168,-1,-1,-1,-1,-1,-1,-1,-1,-1,-1,-1,-1
11416,Southwest Queens,Queens,384200,389500,0.079,0.167,325,435000,0,3024,0.031,263,0.114,0.0458477509,0.2024221453,0.6052479815,0.0694925029,0.0559400231,0.0190311419,0.0308535179,0.026816609,0.1862745098,0.1955017301,0.3160322953,0.243656286
11417,Southwest Queens,Queens,383200,387000,0.275,0.158,326,449000,335500,3196,0.033,292,0.023,0.0291370938,0.0345536048,0.6709002615,0.1449383638,0.0952558835,0.0237205827,0.0447161891,0.0144186895,0.3613798138,0.2069720752,0.2233984304,0.1480197116
11418,Southwest Queens,Queens,434200,435700,0.14,0.193,318,399000,280000,3375,0.044,348,0.109,0.0230706411,0.041445488,0.2895059208,0.5857492854,0.0387913434,0.0179665169,0.0034708044,0.0486952948,0.0478734333,0.1664269571,0.1982740908,0.3328539141
11419,Southwest Queens,Queens,382800,382800,0.156,0.298,310,425000,360000,3311,0.028,299,0.043,0.0288200885,0.1405335997,0.7655871023,0.038236553,0.0204023398,0.0059922956,0.0200678349,0.02133974,0.3600904466,0.2343131713,0.2327586207,0.1312888638
11420,Southwest Queens,Queens,380100,380400,0.276,0.241,323,409000,390000,3190,0.032,316,0.021,0.0283783784,0.0157657658,0.6956081081,0.1943693694,0.0476351351,0.0177927928,0.0921882035,0.0069788384,0.3892390815,0.2203962179,0.1842638451,0.1065961279
11421,Southwest Queens,Queens,385800,385500,0.11,0.162,303,399000,375100,3247,0.04,287,0.058,0.0021677505,0.0186760047,0.3104885776,0.6126396532,0.0325162581,0.0210105053,0.0025012506,0.0053156146,0.0172757475,0.3,0.2091362126,0.2953488372
11422,Southeast Queens,Queens,372700,373100,0.495,0.139,303,375000,360000,3509,0.023,278,0,0.0341334165,0.0120012469,0.2652743142,0.4323566085,0.2320760599,0.0236907731,0.0795241077,0.0161239825,0.3101127113,0.2327802129,0.2222917971,0.1380713838
11423,Jamaica,Queens,422900,422800,0.376,0.149,311,415000,450000,3659,0.028,294,0.022,0.0317331164,0.0539056143,0.6251017087,0.2245728234,0.0516680228,0.0120016273,0.00976205,0.0412853366,0.2194427496,0.2802521863,0.2792353061,0.168395363
11426,Southeast Queens,Queens,496300,496600,0.154,0.226,377,445000,471200,3999,0.035,353,0.044,0.0079217148,0.0039608574,0.4095992544,0.5484622554,0.0272600186,0.0027958993,0.0945157526,0.0032672112,0.3409568261,0.3722287048,0.1402567095,0.0473745624
11427,Southeast Queens,Queens,464600,464600,0.216,0.216,372,380000,407700,3937,0.036,368,-0.002,0.032540068,0.3649830015,0.5327829043,0.0621661,0.0070422535,0.008037019,0.0107160253,0.3200194837,0.3823672674,0.19386264,0.0823185582,-1
11428,Southeast Queens,Queens,406200,406200,0.301,0.194,322,459000,370000,3476,0.022,312,0.026,-1,0.0087251575,0.0181774115,0.8647600582,0.0918565196,0.0142995637,-1,0.0145454545,0.0053333333,0.4804848485,0.3035151515,0.1306666667
11429,Southeast Queens,Queens,371900,371900,0.235,0.161,276,409000,370000,3304,0.028,267,0.029,0.0182052225,0.0262964325,0.6250459728,0.2763883781,0.0450533284,0.0088267745,0.0408689249,0.0055228277,0.3501472754,0.3624815906,0.1794918999,0.0613033873
11432,Jamaica,Queens,600400,642000,0.232,0.175,402,410000,157500,4547,0.038,335,0.025,0.0019798713,0.0547764395,0.061046032,0.573337733,0.2326348787,0.0494967827,0.0267282627,0.0436766623,0.0501955671,0.1768252934,0.2377770535,0.2574967405
11433,Jamaica,Queens,332500,334100,0.274,0.128,284,359000,225000,2435,0.034,274,0.068,0.1231571377,0.0837828119,0.513843941,0.1580366775,0.0485436893,0.0720963682,0.1135837636,0.0121061065,0.3332739897,0.2433683461,0.2106106463,0.0859889621
11434,Jamaica,Queens,340500,340900,0.282,0.146,291,379000,287000,2850,0.039,278,0.032,0.0593289689,0.0187193126,0.5018412439,0.2742430442,0.0764116203,0.0690466448,0.1116803279,0.0033811475,0.325204918,0.2594262295,0.2232581967,0.0764344262
11435,Jamaica,Queens,384100,388600,0.234,0.182,314,199900,207800,2805,0.042,237,0.063,0.0025964392,0.0502596439,0.1027448071,0.6198071217,0.1513353116,0.0461795252,0.0270771513,0.0560730253,0.0301788376,0.2697466468,0.2319299553,0.240685544
11436,Jamaica,Queens,319700,319700,0.252,0.16,315,359000,265000,2606,0.044,312,0.046,0.0362731152,0.0365101944,0.6123755334,0.2114746325,0.0777619725,0.0253674727,0.220113852,0.0033206831,0.3688330171,0.1859582543,0.1646110057,0.0571631879
11691,Rockaways,Queens,371500,394500,0.35,0.186,285,329000,415000,2686,0.029,218,0.031,0.0063497512,0.2267032778,0.0461644071,0.2898575596,0.2067959499,0.1668096791,0.0573193753,0.090893588,0.0436562074,0.1357435198,0.1471691678,0.3136084584
11692,Rockaways,Queens,290200,283500,0.216,0.091,283,338000,0,1958,0.032,205,0.044,0.4098701299,0.0519480519,0.1849350649,0.1641558442,0.1381818182,0.0509090909,0.0705128205,0.0646367521,0.108974359,0.1629273504,0.4107905983,0.1794871795
11693,Rockaways,Queens,321200,320600,0.516,0.294,305,289900,337200,1353,0.029,277,-0.032,0.0128479657,0.2976445396,0.0856531049,0.51124197,0.050856531,0.0273019272,0.0144539615,0.3082706767,0.022556391,0.2486573577,0.1648764769,0.1262083781
11694,Rockaways,Queens,618200,670300,0.587,0.141,391,435000,530000,4721,0.032,362,-0.015,0.1341068538,0.0736643281,0.4484619536,0.223151646,0.0922827847,0.0259039396,0.0743243243,0.0864864865,0.1043243243,0.1451351351,0.2664864865,0.3183783784
11695,Rockaways,Queens,-1,-1,0,0,0,0,0,0,0,0,-1,-1,-1,-1,-1,-1,-1,-1,-1,-1,-1,-1,-1
11697,Rockaways,Queens,-1,-1,0,0.188,0,449000,180000,4904,0.084,0,-1,-1,-1,-1,-1,-1,-1,-1,-1,-1,-1,-1,-1
