ZIP CODE,Mean income ,Percentage Employed,Total Population ,Total 16 to 19 years,Total 20 to 24 years,Total 25 to 44 years,Total 45 to 54 years,Total 55 to 64 years,Total 65 to 74 years,Total 75 years and over,Total Male,Total Female,Total High school graduate,Total Less than high school graduate,Total Some college or associate's degree,Total Bachelor's degree or higher
6390,143846,68.3,268,22,10,57,89,53,27,10,112,97,45,3,60,91
10001,152094,65.9,19026,1145,2677,7904,2427,2448,1200,1225,7992,7464,901,777,2068,9033
10002,72271,50.3,69363,3081,5838,25757,10642,9872,6640,7533,25400,26709,9111,13772,7575,15813
10003,145853,63.6,53652,6006,6925,23526,5854,5291,3333,2717,20382,21214,2273,1209,3645,27544
10004,225025,81.1,2398,60,173,1371,364,344,70,16,1289,963,130,34,302,1613
10005,173731,80.5,5352,41,909,3931,319,126,26,0,2697,2588,37,121,454,3764
10006,154370,83.8,2483,0,332,1815,187,113,36,0,1136,1311,120,23,263,1709
10007,378782,67.2,5186,152,280,3394,714,464,100,82,2743,2109,247,310,442,3573
10009,99830,60.3,56612,1924,7291,22661,8783,7593,4941,3419,22120,24208,4909,4465,5020,24643
10010,168117,64.5,27019,1082,3360,12913,2949,3008,1946,1761,10440,11790,1133,420,2117,15200
10011,194053,70.7,47020,1484,2415,22476,7731,6598,3768,2548,20469,18751,2012,1387,4585,28821
10012,130260,70.4,22589,696,2455,10956,2604,2714,1715,1449,9812,8917,929,869,1357,13119
10013,197372,60.1,22693,919,3282,8838,2855,3501,1824,1474,8975,9501,2275,2242,1523,9154
10014,169443,74.1,28620,558,1977,14677,3801,3755,2372,1480,11389,12821,811,187,2151,19084
10016,164224,72.8,48552,1157,6693,24292,5761,4650,3532,2467,19090,22306,1438,674,3252,29339
10017,166578,78.2,15217,27,1637,7705,1946,1578,1399,925,6102,6764,515,183,1065,9466
10018,128736,72.2,5760,129,856,3310,635,503,249,78,3015,2289,479,496,523,2950
10019,142527,69.9,37419,458,2932,18956,5362,4514,2718,2479,15685,16079,2387,1315,3664,21466
10020,-,-,0,0,0,0,0,0,0,0,0,0,0,0,0,0
10021,187485,65.8,36953,633,1580,15588,4920,5459,4541,4232,11868,15679,1158,511,2034,22264
10022,192809,66.9,26981,358,1728,9863,3878,4321,3391,3442,9058,10732,880,178,1754,15250
10023,185262,65.2,52569,1588,2731,21262,7627,8241,5100,6020,19286,20575,1988,923,3424,30795
10024,198029,68.7,49991,1055,2359,20399,8702,7518,5904,4054,18150,20828,2479,1021,3486,29633
10025,130124,58.8,84176,4115,8701,31761,12897,12250,7305,7147,29826,35783,4597,3454,7326,41531
10026,79862,56.4,29601,1669,3310,12923,5141,3527,1752,1279,11309,13592,4367,3228,4472,9524
10027,76443,48.8,51764,5844,7208,20125,7287,5666,2904,2730,18300,21986,6506,5206,6449,14917
10028,188661,70.9,39395,652,2911,16405,5802,5551,4376,3698,13472,17197,1227,353,2503,23675
10029,68048,51,63413,5026,7214,24399,9603,7989,4416,4766,22923,26282,10396,10740,8046,12809
10030,60933,51.2,23660,1859,2375,9695,4057,2908,1776,990,9019,10016,4197,3490,4048,4925
10031,63223,57.8,48782,3272,5725,20887,7335,5166,3892,2505,18729,20384,6696,8050,8112,10530
10032,54620,52.5,51978,3314,6468,20414,7638,6715,4145,3284,21233,20002,6489,11376,7908,8994
10033,69739,56.9,48284,3032,5837,18479,7673,6549,3348,3366,19540,18998,6373,8043,7067,11218
10034,61341,61,33777,2056,3108,13382,6515,4663,2615,1438,14286,13382,4323,6300,5268,8669
10035,62079,43.5,27638,1855,3277,10781,4267,3403,2138,1917,10864,10864,4530,5687,3500,4734
10036,114944,69.9,21230,325,2222,10166,3495,2865,1355,802,10823,7925,1625,717,2673,11511
10037,62147,49.5,14741,1090,1513,4709,2380,2017,1568,1464,4390,6229,1363,1021,3077,3645
10038,145260,60.2,18105,1070,2912,7222,2433,1705,1197,1566,6812,7460,1150,1461,1505,7244
10039,53530,50.8,19853,1415,2584,7555,3557,2095,1447,1200,7242,8549,3029,2631,3689,3858
10040,60952,56.5,36338,2265,3723,13205,5909,5220,3090,2926,12794,15263,4330,5929,5147,8928
10044,111246,51.9,10584,513,1057,4048,1504,1418,1039,1005,3992,4035,903,698,1075,4294
10065,195705,67.3,29193,388,1819,13267,3643,3292,3978,2806,9725,12296,1328,235,1838,16801
10069,250323,75.2,4367,8,37,2959,528,451,242,142,1907,2068,6,12,206,3714
10075,178669,67.1,21498,200,1182,9053,2264,3817,3017,1965,6386,9930,506,203,1520,12905
10103,-,-,0,0,0,0,0,0,0,0,0,0,0,0,0,0
10110,-,66.7,3,0,0,2,1,0,0,0,2,1,1,0,0,2
10111,-,-,0,0,0,0,0,0,0,0,0,0,0,0,0,0
10112,-,-,0,0,0,0,0,0,0,0,0,0,0,0,0,0
10115,-,-,0,0,0,0,0,0,0,0,0,0,0,0,0,0
10119,-,-,0,0,0,0,0,0,0,0,0,0,0,0,0,0
10128,168459,67.7,51804,1213,3363,23314,7905,6875,4880,4254,17962,23495,1553,778,3915,31848
10152,-,-,0,0,0,0,0,0,0,0,0,0,0,0,0,0
10153,-,-,0,0,0,0,0,0,0,0,0,0,0,0,0,0
10154,-,-,0,0,0,0,0,0,0,0,0,0,0,0,0,0
10162,229822,69.7,1137,28,0,525,304,44,138,98,531,342,16,0,51,806
10165,-,-,0,0,0,0,0,0,0,0,0,0,0,0,0,0
10167,-,-,0,0,0,0,0,0,0,0,0,0,0,0,0,0
10168,-,-,0,0,0,0,0,0,0,0,0,0,0,0,0,0
10169,-,-,0,0,0,0,0,0,0,0,0,0,0,0,0,0
10170,-,-,0,0,0,0,0,0,0,0,0,0,0,0,0,0
10171,-,-,0,0,0,0,0,0,0,0,0,0,0,0,0,0
10172,-,-,0,0,0,0,0,0,0,0,0,0,0,0,0,0
10173,-,-,0,0,0,0,0,0,0,0,0,0,0,0,0,0
10174,-,-,0,0,0,0,0,0,0,0,0,0,0,0,0,0
10177,-,-,0,0,0,0,0,0,0,0,0,0,0,0,0,0
10199,-,-,0,0,0,0,0,0,0,0,0,0,0,0,0,0
10271,-,-,0,0,0,0,0,0,0,0,0,0,0,0,0,0
10278,-,-,0,0,0,0,0,0,0,0,0,0,0,0,0,0
10279,-,-,0,0,0,0,0,0,0,0,0,0,0,0,0,0
10280,168310,78.1,6328,125,356,3164,1381,855,316,131,2619,3137,112,64,779,4445
10282,333950,74.4,3834,47,92,2689,466,141,111,288,1611,1777,42,53,340,2861
10301,79845,52.7,31087,2746,3658,10342,5360,4438,2291,2252,11902,11896,5083,2734,5211,7112
10302,78084,54.6,12937,938,1219,5032,2241,1773,745,989,5133,5132,2999,1655,2548,1844
10303,75336,53.8,19041,1751,2182,7351,3594,2284,1024,855,7014,8397,4650,2005,3699,2875
10304,75984,55.3,32903,2679,3435,10816,6228,4730,2392,2623,11974,13235,6361,3961,5286,6166
10305,87716,52.2,33721,1698,2921,11393,6288,5448,3186,2787,12950,13100,6695,2933,5691,7810
10306,99688,55.7,45085,2701,3196,14780,8754,6793,4634,4227,15842,17681,8530,2018,9681,10098
10307,113660,58.7,11020,818,929,3791,2580,1393,1013,496,4355,4338,2210,401,2436,2717
10308,105486,55.5,23415,1605,1742,7022,4836,3850,2569,1791,8213,9237,5312,939,4295,5162
10309,107387,57.4,24981,1327,1978,9572,4897,3907,2255,1045,10610,9744,5771,1300,5643,5662
10310,86572,55.8,18748,1834,1533,6609,3864,2568,1225,1115,7152,7422,3721,1521,3728,4071
10311,-,-,0,0,0,0,0,0,0,0,0,0,0,0,0,0
10312,101855,57.8,49320,3195,3873,16129,9498,9137,4805,2683,18868,19769,10967,1856,10133,11808
10314,93990,55.6,71209,4713,4935,22722,13161,12400,7162,6116,25747,27471,15272,3509,13000,16502
10451,41049,47.9,34545,2890,4171,12528,5795,4192,2856,2113,11470,15216,5972,7548,5506,3489
10452,39803,51.9,54172,5136,5665,22356,9508,6723,3099,1685,20860,23392,11006,13432,10192,3957
10453,39541,52.3,58578,5996,6869,22219,11435,7150,3187,1722,21797,25876,11550,14002,10466,4786
10454,39082,44.5,28057,3218,3677,10220,4480,3012,1979,1471,10438,10951,5003,7174,3947,1588
10455,38806,45.1,26767,2216,3009,11104,4240,2791,2137,1270,9405,11739,5094,7561,3766,1714
10456,39166,46.1,65814,6468,7459,25396,11575,7799,4350,2767,23382,28847,11429,17064,11578,4699
10457,40912,46.4,50631,5765,6556,18906,9159,4969,3251,2025,17597,21993,8865,11859,8162,4148
10458,43945,49.5,56368,6020,7972,21978,9312,6004,3270,1812,21942,23324,10395,12921,9182,4796
10459,40561,46.3,32904,3780,3827,12651,5197,3533,2270,1646,10929,14279,5189,8495,5186,2511
10460,40470,48.7,41064,4614,4909,14836,7355,4872,2531,1947,14365,17607,7668,9768,6413,3214
10461,70465,55.5,42216,2354,3075,15566,7440,5714,3647,4420,16056,15739,7668,4639,8181,8232
10462,58813,56.8,59226,3854,4785,24382,9959,7898,4636,3712,21815,25209,10741,8445,12080,10973
10463,78298,55.7,56095,3005,4494,19546,8837,8322,5534,6357,18484,22715,6432,6212,9376,14685
10464,79131,60.2,3633,168,319,656,732,860,446,452,1297,1270,532,174,582,960
10465,83904,54.4,35884,2388,3365,11313,5963,5492,3519,3844,13039,13094,6490,2718,7012,6548
10466,59625,55.7,55257,4637,5765,18616,10038,8179,4896,3126,18370,24228,10887,7199,10595,8152
10467,52065,54,73216,5716,7114,29513,12437,8659,5354,4423,25972,31751,14231,12218,13530,10630
10468,46206,54.7,56168,4661,6969,21516,10231,6587,3217,2987,20787,24516,11231,10601,9643,6859
10469,73377,52.3,56620,4504,5357,18016,10754,7709,5099,5181,18684,23152,9050,5401,11734,10294
10470,72272,57.2,12604,667,1071,4824,1855,2063,967,1157,4779,5034,2651,1025,2405,2661
10471,119726,54.2,18441,1715,1728,4933,3018,2677,1764,2606,6226,6130,1543,549,1960,6576
10472,50337,52,51216,4283,5845,19701,8738,6421,3739,2489,20120,20585,9617,12522,8257,4464
10473,60116,50.3,45966,4276,4734,14968,7965,6661,4530,2832,14526,19802,8834,6585,8637,5538
10474,37063,43.8,9137,674,1182,3984,1671,791,615,220,3960,3668,1690,2554,1642,560
10475,66637,50.5,35411,2171,2580,9253,6879,5858,4499,4171,10949,13621,5481,2912,7872,5725
10501,152505,64.7,901,47,2,308,210,185,112,37,325,380,144,30,181,348
10502,183752,61.1,4282,436,296,802,1001,838,365,544,1415,1522,36,102,468,2035
10503,166503,47.3,237,0,0,26,15,157,26,13,97,101,0,0,43,155
10504,303649,62.8,5675,474,244,1494,1803,799,414,447,2132,2208,454,1,553,3088
10505,176468,74.5,459,35,31,119,172,65,0,37,205,182,46,0,99,211
10506,259052,62.8,3813,260,137,986,874,719,502,335,1244,1472,260,60,308,1951
10507,143489,46.3,5745,321,372,2471,1233,644,397,307,1788,2932,1052,760,1094,1442
10509,120379,65.4,16049,1135,1270,5051,4037,2417,1150,989,6568,6207,2453,898,3309,4845
10510,232844,58.5,8142,800,559,1804,1958,1233,746,1042,2620,2934,222,147,566,4060
10511,115354,64.7,1925,139,125,659,384,302,168,148,789,681,436,87,429,393
10512,111310,62.3,20093,1546,1086,5884,4582,3649,1804,1542,7589,7612,3511,583,4409,5612
10514,305334,62.7,9227,862,386,2389,2302,1878,848,562,3195,3760,278,86,725,5480
10516,109504,61.6,4136,159,129,1301,935,667,536,409,1411,1621,542,77,767,1517
10517,101070,71.5,557,51,28,269,109,32,38,30,211,227,99,27,195,89
10518,228640,63.3,1112,125,42,242,366,218,52,67,431,437,79,18,92,637
10519,124607,69,126,28,0,29,59,0,10,0,31,57,29,0,0,59
10520,143009,62.8,10702,572,399,2849,2179,2231,1267,1205,3825,3833,764,453,1778,4264
10522,134674,57.8,8996,1127,808,2147,1659,1500,761,994,2839,3275,932,113,875,3386
10523,89750,64.7,6374,364,595,2390,912,1098,653,362,2387,2608,1221,403,1036,1740
10524,122486,63.4,3589,151,201,957,899,642,434,305,1380,1319,607,38,474,1379
10526,181512,70.5,1293,73,46,419,303,263,142,47,522,509,52,30,144,759
10527,223583,62.8,920,87,56,244,312,113,66,42,378,347,40,0,90,539
10528,156529,60.9,9834,638,425,3672,1854,1344,944,957,3680,3615,1265,412,1413,3780
10530,132834,61.6,10142,344,270,3024,1669,1788,1298,1749,3053,3698,736,90,1206,4449
10532,133368,64.8,4138,202,383,1130,976,691,265,491,1612,1568,543,111,895,1248
10533,213674,62.2,5792,453,189,1464,1373,1183,487,643,1895,2314,368,178,890,2584
10535,102803,61.6,555,62,17,222,104,63,59,28,213,193,83,0,102,204
10536,213529,58.3,8088,678,307,1871,2409,1504,562,757,3130,2961,355,197,975,4257
10537,82648,61.1,1515,79,43,519,587,170,33,84,708,611,292,41,402,541
10538,269365,62,12180,865,610,3302,3139,1852,1453,959,4293,4610,446,90,820,6937
10541,115327,67.1,21026,1618,1575,6136,4782,3760,1962,1193,8237,8016,3807,844,4081,5946
10543,137963,62.2,15828,945,1058,5182,3397,2382,1084,1780,6013,6006,2008,1341,1685,5927
10545,-,24.6,114,11,20,18,0,6,17,42,44,0,9,0,7,8
10546,175432,79.9,965,29,45,379,241,149,96,26,385,429,56,52,139,522
10547,120726,59.2,6105,316,487,1772,1528,854,502,646,2346,2295,902,141,1630,1481
10548,118723,63.6,2503,75,96,680,581,551,260,260,964,944,279,60,644,829
10549,133547,63.9,12354,775,919,4090,2749,1649,1060,1112,4765,4642,1043,1129,1762,4554
10550,59056,55.7,28785,2402,2592,10670,4836,3851,2539,1895,9652,12297,6950,3269,6015,3123
10552,94100,63.2,16505,602,793,5951,3225,2620,1520,1794,5897,6692,2284,1050,2764,5698
10553,66731,59.2,8257,910,729,2406,1820,1160,691,541,2765,3350,1617,522,2151,1096
10560,200953,59.4,3825,193,256,717,1011,740,464,444,1409,1315,279,79,525,1585
10562,105584,63.3,25699,1247,1601,9910,5068,4161,1914,1798,11514,9226,3708,4703,3253,7475
10566,80732,65.9,18935,1026,1542,7920,3079,2732,1286,1350,7721,7552,3339,2528,3897,3967
10567,136443,62,15638,1119,881,4407,3813,2694,1311,1413,5606,6189,2008,684,2926,5296
10570,176262,62.3,10109,1126,1069,2527,2047,1773,746,821,3652,3764,709,117,1140,4381
10573,107902,65.5,30201,1891,2634,11260,5617,3698,2156,2945,12221,10988,4742,5124,4137,6572
10576,247320,62.1,3884,178,159,793,719,975,698,362,1206,1440,143,29,379,1936
10577,276620,42.1,4696,1771,1126,529,412,357,224,277,994,1430,58,0,226,1014
10578,174819,48.7,493,64,0,118,94,59,35,123,129,142,30,0,99,142
10579,120978,64.9,7271,549,392,2252,1380,1468,820,410,2704,2788,898,168,1628,2406
10580,276908,53.5,12250,859,502,3403,2988,1963,1056,1479,4337,4519,592,186,1157,6419
10583,248583,60.8,28842,2076,1133,8003,7338,4366,3185,2741,9970,10870,1309,205,2394,15799
10588,98673,59.7,1699,52,37,666,283,287,200,174,540,733,119,32,424,661
10589,142050,47,7030,266,214,1113,1154,1145,1250,1888,1549,2077,410,46,647,2309
10590,179851,64.6,5157,456,317,1206,1462,1010,438,268,2028,1967,293,43,677,2665
10591,116186,63.5,18073,1118,1209,6746,3046,2688,1720,1546,6605,7084,2323,1525,2418,6214
10594,128125,65.8,3952,366,343,1150,817,586,365,325,1410,1486,608,184,666,1095
10595,135020,44.7,6802,420,812,2334,1183,913,419,721,3047,2195,680,442,1218,2090
10596,56785,59.5,920,54,53,303,235,120,80,75,410,301,167,118,278,95
10597,213028,53.2,864,174,49,84,263,80,110,104,250,226,0,0,19,408
10598,136348,60.7,22450,1897,1265,5451,4826,4191,2396,2424,7623,8110,2494,506,3477,7991
10601,109922,64.3,8895,168,466,3974,1155,1230,871,1031,3109,3716,1179,517,1412,3251
10603,109198,70,14317,922,1129,5708,2491,1634,1449,984,5338,5624,2019,678,2404,4732
10604,129487,62.4,9717,566,791,3489,1924,1367,720,860,4009,3562,1760,873,1648,2499
10605,144991,64.9,14581,544,1087,4233,2607,2791,1901,1418,5245,5473,1518,659,1682,5772
10606,104109,65.3,13048,640,775,5333,2372,1592,1192,1144,5420,4652,2593,1593,1590,3521
10607,164316,75.2,5464,331,237,1852,1216,897,555,376,2049,2153,528,500,867,2070
10701,66458,58,48410,3970,4370,18195,8101,6461,3805,3508,17822,19305,9158,7682,8352,7565
10703,73192,53.6,15876,1285,1398,5101,2557,2277,1672,1586,5708,5625,2682,1573,2796,2884
10704,81778,57.7,25114,1180,1676,8915,4088,3838,2749,2668,8749,9768,5639,1418,3823,5961
10705,68347,56.9,29886,2246,2980,10836,5477,4095,2157,2095,10920,12468,6054,4320,5225,4809
10706,169591,63,6684,336,409,1593,1456,1276,878,736,2240,2494,382,86,676,3181
10707,131069,61.1,8324,625,526,2676,1743,1062,889,803,2661,3346,741,331,1052,3357
10708,159937,60.3,17644,1080,1285,4845,3385,3243,1899,1907,5862,6896,1130,285,2246,7812
10709,141095,58.9,7414,463,401,2210,1613,974,870,883,2642,2556,920,238,1019,2620
10710,98038,58.9,21509,899,1439,6669,3608,3780,2258,2856,7157,8339,3168,910,3777,6202
10801,80804,58.6,32883,3024,4031,10844,5969,4284,2383,2348,12327,12801,5546,4280,4708,6563
10803,218036,65.6,9176,821,367,3019,2030,1464,849,626,3292,3588,879,154,1091,4389
10804,225344,60.1,11590,767,607,2724,2577,2134,1411,1370,3690,4352,501,126,1169,5639
10805,71967,58,14984,984,926,4962,2396,2220,1441,2055,5058,5446,2641,1450,2399,3088
10901,135431,63.1,18764,1218,1033,5582,3628,2715,2228,2360,6293,6665,1808,538,2975,6604
10910,-,-,0,0,0,0,0,0,0,0,0,0,0,0,0,0
10911,-,-,0,0,0,0,0,0,0,0,0,0,0,0,0,0
10913,163217,58.6,3992,513,405,840,935,577,286,436,1318,1439,301,115,611,1325
10914,143554,95.7,162,0,0,162,0,0,0,0,83,79,0,0,94,68
10915,N,29.1,158,0,7,39,33,76,3,0,78,77,71,33,6,38
10916,108105,58.6,3489,374,384,789,843,448,353,298,1184,1280,622,61,678,719
10917,101201,63.9,1450,110,87,407,352,228,132,134,486,588,197,77,268,445
10918,98755,64.5,9159,642,557,3107,2259,1339,719,536,3443,3819,1480,294,2570,2361
10919,106374,64.2,1033,110,30,253,320,183,91,46,367,419,180,144,253,179
10920,121575,66.1,6865,463,480,1943,1501,1238,747,493,2452,2710,931,284,1136,2331
10921,88229,65.1,3388,61,197,904,602,943,374,307,1285,1361,760,239,691,759
10922,84387,64.6,973,36,62,291,249,164,127,44,368,398,242,8,251,203
10923,93728,62.3,7113,645,555,2624,1474,755,706,354,2620,2788,1151,662,1586,1454
10924,98675,56.9,10407,673,749,3002,2136,1738,1070,1039,3775,3850,1462,597,2202,2615
10925,102585,64.3,3417,244,196,1249,812,464,335,117,1469,1252,728,70,1002,725
10926,87776,77.6,2436,165,182,939,528,282,158,182,1011,920,299,97,746,607
10927,83597,60.9,9126,655,1077,3537,1371,1124,748,614,3541,3568,1440,1803,1402,1387
10928,72695,61.8,3131,215,156,1128,738,530,178,186,1283,1269,646,180,794,776
10930,127373,67.3,6816,756,199,2230,1742,976,524,389,2522,2625,715,94,1464,2675
10931,89733,70.3,768,50,58,249,182,138,53,38,332,295,223,48,188,110
10932,N,62,142,12,51,0,11,68,0,0,39,91,0,0,68,11
10933,113644,32.9,365,36,0,200,90,0,0,39,149,141,9,0,170,111
10940,74163,59.9,37511,3075,3162,13250,6898,5349,3010,2767,14161,14498,7136,4685,8248,5428
10941,82420,64.3,10949,1106,833,3957,1979,1431,1198,445,3724,4476,2002,636,2554,2175
10950,94617,63.1,29214,2593,3054,11204,5714,3986,1534,1129,11820,12138,5221,3114,6025,6544
10952,80094,54.7,23550,2915,2769,7830,3654,3357,1498,1527,8861,8749,5230,1844,3036,4731
10953,82286,35,123,0,0,23,0,20,45,35,22,21,10,0,0,33
10954,108186,61.8,19077,1381,1346,5392,3936,3281,1743,1998,7150,6805,2436,973,3129,6071
10956,143114,61.5,24958,1511,1777,6493,5213,4568,3088,2308,8977,9074,2295,524,3556,9899
10958,92226,59.6,2642,106,235,809,640,371,322,159,1132,923,623,195,464,538
10960,120073,64.2,12724,1098,872,4359,2273,1989,976,1157,4657,4836,976,565,2175,4905
10962,119549,43.4,4771,347,125,1359,978,845,629,488,1870,1437,692,517,795,1178
10963,75741,30.9,3328,201,240,1521,699,452,137,78,2236,676,1073,392,762,445
10964,134933,52.6,1286,54,58,284,247,222,177,244,374,437,71,39,186,457
10965,118547,61.3,11318,660,739,3576,2390,1681,1236,1036,4207,4179,1371,184,2152,3940
10968,112657,58,2037,115,123,402,282,602,317,196,519,890,181,49,283,773
10969,99346,79.2,1277,51,147,480,410,54,45,90,677,414,164,106,388,286
10970,103503,59.7,7484,453,460,2233,1504,1384,793,657,2537,3044,1078,593,1277,2173
10973,92680,66.1,1883,278,98,753,451,121,62,120,791,632,559,122,344,300
10974,115473,67.9,2464,200,295,691,585,336,174,183,1021,886,378,40,510,684
10975,73712,87.9,305,0,28,146,11,83,18,19,140,128,53,0,115,72
10976,84049,50,1772,273,190,376,283,149,176,325,419,579,166,82,166,394
10977,78109,62.8,40762,3964,4524,15301,6880,5132,2896,2065,15912,15925,6871,6006,7012,7424
10979,56559,45.3,137,0,0,64,0,55,18,0,92,27,29,55,35,0
10980,110023,62,10901,616,794,3235,2359,1810,1162,925,3927,4271,1906,717,1910,2871
10983,125653,63.6,4354,214,242,1143,749,872,593,541,1389,1617,515,111,464,1674
10984,114003,64.7,2753,312,195,743,531,532,304,136,963,1038,470,66,574,696
10985,N,51.9,77,23,14,0,33,0,7,0,27,20,0,0,0,33
10986,122414,67.5,1380,62,46,562,304,212,102,92,629,495,251,40,422,365
10987,131205,64.6,2602,118,71,788,512,559,354,200,916,1014,235,53,471,1100
10988,74406,66.7,633,48,58,213,118,130,30,36,257,262,209,13,168,71
10989,109600,62.3,7932,297,565,1887,1629,1648,924,982,2630,3099,849,295,1161,2859
10990,114631,59.7,16363,1255,946,4621,3676,2965,1516,1384,6198,6010,2201,443,3886,4732
10992,95850,63.7,8004,598,743,2068,1850,1278,904,563,2794,3145,1485,185,2014,1512
10993,77729,58.1,3423,227,297,1183,514,557,326,319,1315,1236,619,459,756,420
10994,155853,64.1,5305,384,270,1604,1087,894,704,362,1844,2011,596,98,791,2100
10996,117659,11,6236,1613,3257,1038,255,73,0,0,3573,1050,99,37,320,910
10998,100948,64.5,2269,206,72,549,678,438,256,70,869,868,430,177,461,597
11001,115923,64,21954,1472,1561,6715,4412,3947,1946,1901,7791,8844,3516,945,3935,6678
11003,95518,62.6,35399,2825,3509,11987,6491,5347,2514,2726,12882,14452,5812,2706,7888,7419
11004,95480,58,11734,553,707,4010,2032,2031,1050,1351,4087,4693,1684,488,1677,4224
11005,76045,23.3,1963,0,0,8,83,153,351,1368,128,116,20,0,27,197
11010,109448,59.7,19569,1528,1394,5389,4387,2859,1582,2430,6718,7311,3797,937,3465,4436
11020,183960,58.8,4838,445,302,1294,1123,781,417,476,1718,1782,489,437,406,1866
11021,147013,60.6,14501,709,563,4273,2699,2426,1500,2331,4596,5365,780,277,1575,6766
11023,142723,52.4,6970,567,393,1724,1367,1204,792,923,2433,2255,452,187,816,2840
11024,114645,50,6141,816,657,1376,909,1143,738,502,2122,1963,648,347,694,1739
11030,267218,52.9,13187,893,499,3164,3138,2093,1524,1876,4290,4604,634,155,984,6622
11040,119396,58.9,32366,2013,2240,8205,6836,5682,3726,3664,11452,11511,3980,894,5562,10287
11042,-,0,541,0,0,0,0,54,63,424,33,21,14,0,13,27
11050,163168,59.4,23772,1437,1486,7072,4429,4102,2711,2535,8302,8787,2092,929,2455,10127
11096,71863,57.8,6406,756,583,2128,1159,875,530,375,2149,2596,1498,861,1239,564
11101,71270,58.1,19995,1090,2247,9033,3229,2251,1207,938,8351,8409,3281,2526,3155,5551
11102,69286,63.5,29102,1492,3347,14215,4125,2563,1906,1454,12608,11642,3941,3397,4139,9426
11103,73601,66.9,32387,931,2877,16023,4627,3260,2626,2043,13892,12895,4735,2964,4971,11240
11104,69145,65.5,22952,683,1643,10890,3611,2936,2082,1107,9524,9556,4279,2408,3867,6883
11105,75957,64.1,32604,1168,2796,15534,4348,3937,2419,2402,13045,13570,4538,2560,5507,11214
11106,71228,61.9,32149,1607,2999,14140,4758,3692,2532,2421,12283,13306,4535,3336,5151,9568
11109,167364,83.2,2937,40,149,2344,134,158,63,49,1499,1286,91,11,297,2237
11201,157141,64.7,45327,2227,3407,22752,5762,5346,3128,2705,18615,18652,3007,1602,4195,25056
11203,64686,55.3,64482,4100,5986,21410,11031,9960,7067,4928,21260,27127,14271,4948,13611,9571
11204,65759,52.6,61752,4680,6208,21871,10201,9177,4588,5027,23966,23491,12809,9517,8517,10406
11205,79705,55.5,30678,2301,4596,14658,3120,3124,1597,1282,12409,13089,4329,3610,4053,8910
11206,48686,51,59038,5176,7581,24774,8221,6200,4129,2957,21478,25298,10481,11635,8752,8327
11207,50010,49,68460,6848,8599,25056,11432,8188,5131,3206,22529,30746,14794,12147,11665,6070
11208,55563,49.9,69224,6886,8385,26473,12545,8047,4139,2749,24714,30736,21504,10009,9931,5621
11209,88562,57,59478,2936,4076,23553,10221,8309,5024,5359,22482,23677,8160,4469,8668,20786
11210,76701,57.9,49611,4018,5019,16926,9677,7551,3819,2601,18073,21100,10985,2858,8548,11763
11211,74916,61.3,68952,4585,8494,33978,8301,6466,3271,3857,28033,29206,9374,8410,9334,21627
11212,47299,47.1,61406,5572,6239,21588,10844,8504,5119,3540,18424,28751,15906,8751,11698,4581
11213,53827,52.3,46499,3763,4812,17075,8465,5589,3714,3081,16091,19850,10010,5094,9131,6894
11214,64275,49.7,67036,2995,4665,23963,10019,9903,8260,7231,23933,24617,12671,12372,8126,10716
11215,129767,73.3,56258,2072,4379,28682,8416,6898,3242,2569,23494,24881,3545,2453,5602,32396
11216,61909,56.9,45187,2604,4570,19587,6735,5898,3448,2345,16817,19973,7856,4656,8297,11411
11217,115622,69.3,32655,1033,2264,17194,4852,3475,2189,1648,12833,14952,2755,2561,3516,16689
11218,72848,59.4,56904,3829,5771,23207,9339,7792,3474,3492,22633,23476,8878,7142,7895,16423
11219,53595,53.5,66061,5221,7453,24913,10348,8855,3334,5937,26480,25089,14588,14135,7185,8208
11220,55896,56.9,78814,5110,7940,33709,12920,9662,4925,4548,33230,31001,11148,26620,7323,11200
11221,57844,51.7,62030,4951,6639,25695,10334,7707,3933,2771,22828,27547,12565,12000,10698,8473
11222,83432,69.3,30617,846,2900,15923,4298,3793,1403,1454,13706,13208,4057,1724,5397,12836
11223,66288,48.7,60185,3202,4288,19854,9336,9381,8205,5919,20801,22058,11924,9262,7692,9693
11224,58910,40.9,37843,2450,2722,8432,6195,6368,5988,5688,10571,13146,6041,4402,4957,5595
11225,57419,57,47751,3165,5541,17892,7471,7655,3445,2582,16937,21622,8772,5582,9553,9111
11226,55125,58.6,79179,6072,7987,30839,14462,10615,5899,3305,28495,35408,19156,9649,15253,11858
11228,88579,51.7,35870,2190,2880,11979,5812,5455,4055,3499,13469,12657,6798,3809,5053,7586
11229,75036,53.3,64976,3840,5119,19954,12132,11237,5494,7200,23760,24682,11575,5820,9706,16222
11230,68061,52.1,64903,5031,6760,21971,9835,10288,5079,5939,24278,24576,10448,5960,9842,15844
11231,112649,65.9,28146,1086,1765,14569,3977,3443,1751,1555,10891,12863,2926,2112,3254,13697
11232,57937,56.2,22923,1453,2840,11237,3417,2105,1070,801,11221,8378,4026,5334,3465,3934
11233,58178,52.2,51398,4243,5177,20172,9781,5043,4543,2439,17251,22922,11313,6624,9815,7244
11234,85627,58.2,75290,5273,6715,24281,13770,12621,6662,5968,26510,30877,13708,4013,15725,17226
11235,76282,51.3,61636,2791,4303,18207,11379,10284,6405,8267,20840,23333,9154,3572,8574,18570
11236,74263,59.8,77225,6518,7649,26350,15609,11945,5375,3779,26880,34673,16090,6224,17270,14320
11237,54144,57.3,41649,3384,6078,19586,5525,3868,1964,1244,18680,16377,5914,14061,4247,4757
11238,93028,66.8,44420,1563,4513,21952,5939,5384,2786,2283,17428,20360,4323,2522,6337,20093
11239,50777,39.3,10617,633,1125,2895,1592,1082,1382,1908,1907,4787,1546,711,1984,1328
11351,-,-,0,0,0,0,0,0,0,0,0,0,0,0,0,0
11354,67889,55,48361,2365,3144,16863,8360,7702,4762,5165,17458,18611,9778,5575,7222,10350
11355,63336,55.9,71330,3701,6370,25427,14338,9711,5926,5857,27836,28010,12934,12338,9746,14458
11356,77064,60.7,18260,1282,1499,7055,3071,2682,1329,1342,7225,7082,3765,2312,3271,3460
11357,97365,55.1,33337,1663,2185,9754,6527,5089,3776,4343,11312,12243,5070,1816,5898,8586
11358,87032,57.3,32883,1654,2492,11624,6389,5140,2964,2620,12593,13052,5210,2906,5579,9458
11359,-,-,0,0,0,0,0,0,0,0,0,0,0,0,0,0
11360,99635,53.6,17877,899,1111,4771,3152,3154,1978,2812,5914,6274,2048,509,2590,5930
11361,91829,58.9,24241,1396,1589,8316,4996,3579,2229,2136,8780,9700,3527,1575,4123,7666
11362,102857,58.2,15402,941,728,4245,3264,2644,1815,1765,5245,5636,1576,749,2227,5601
11363,137070,63.1,6025,328,463,1713,1303,1052,623,543,2376,2155,503,177,849,2539
11364,84975,57.7,28854,1344,1657,9465,5867,4968,2844,2709,10471,11486,4292,1329,5209,9470
11365,74094,54.2,33467,1904,2623,10982,6614,5088,3184,3072,11958,13349,4571,2638,6447,9028
11366,96576,55,11191,748,1113,3075,2100,2046,1151,958,4036,4298,1346,708,1613,3554
11367,75968,54.5,30346,1703,2732,11144,5012,4410,2752,2593,11433,11865,4238,1936,5118,9274
11368,58744,64.2,81574,5477,9349,38779,11880,8164,4299,3626,37777,30395,17659,22958,10969,7237
11369,67540,61.6,31857,2200,3639,12856,5257,3909,2038,1958,13440,12221,7361,5531,4896,4234
11370,74006,39,32594,3148,4308,12710,5549,3413,1542,1924,16583,9397,6106,7124,3954,4488
11371,-,-,0,0,0,0,0,0,0,0,0,0,0,0,0,0
11372,63975,62.5,53076,2321,4570,21569,10209,7123,4133,3151,23224,20247,9202,9498,8606,11595
11373,62190,58.6,80723,4296,7666,34878,13537,9781,6517,4048,34627,31235,14718,16445,11739,15294
11374,82140,59.4,35890,1255,2009,14257,5633,6032,3427,3277,13096,14835,4296,1398,6420,13808
11375,103767,59.9,59383,2116,2900,22296,9902,9149,5698,7322,20482,23765,5863,1633,8075,25776
11377,65127,61.2,73191,3653,6620,32629,11077,9493,5292,4427,30410,29409,12474,11744,12363,16618
11378,72296,58.6,26329,1192,2041,9861,4528,4301,2168,2238,10168,10563,6162,2933,4971,4624
11379,87982,56.7,30176,1587,1927,9837,5395,4892,3155,3383,10778,11273,6090,2001,5412,6621
11385,69057,57.8,79044,5286,7886,31683,13498,10551,5628,4512,31348,32270,19472,10397,14384,11479
11411,88234,57.6,16565,1290,1393,4550,3202,2720,1893,1517,5748,6117,2723,865,3516,3368
11412,81575,59.6,29839,2279,3048,9471,6139,4042,2591,2269,10033,12667,5674,1982,7316,4680
11413,86603,60.9,31544,2131,2794,9966,6306,5078,2980,2289,10374,13770,5368,2575,7533,5874
11414,87326,54,23994,1131,1392,6946,3974,4120,3215,3216,7530,8902,4691,1937,4283,4129
11415,81325,61.7,16445,880,1350,6431,2435,2698,1532,1119,6445,6469,2001,904,3167,5492
11416,69911,56.1,19293,1763,2053,7499,3325,2421,1314,918,7125,8173,4319,2794,3403,2729
11417,77270,58.7,23769,1432,2480,9186,4649,3027,1726,1269,9588,9754,5963,3084,4409,3406
11418,70183,61,29093,1965,2731,11602,5310,4188,1818,1479,12258,11573,6170,4702,4694,5534
11419,67136,57.7,39023,2815,4454,13720,7954,5989,2599,1492,15880,16237,10772,7127,4705,5059
11420,75587,59.5,38681,3153,4113,13651,7375,5442,3068,1879,14481,16100,8992,5574,6338,5564
11421,73247,59.2,32630,2514,3328,12836,6139,4245,2013,1555,13022,13526,6742,5065,5991,5422
11422,88594,65.9,25337,1926,2378,8701,5128,4009,1907,1288,8507,11709,4018,1604,6339,5877
11423,78800,58.8,26034,2123,2183,8737,4871,3632,2503,1985,9442,9981,4735,3125,4731,4649
11424,-,-,0,0,0,0,0,0,0,0,0,0,0,0,0,0
11425,-,-,0,0,0,0,0,0,0,0,0,0,0,0,0,0
11426,96004,60.6,14925,920,970,5005,3317,2403,1107,1203,5912,5783,2718,767,2900,4340
11427,87394,60.1,20228,1106,1879,6994,3965,3161,1779,1344,7675,8324,3719,1974,3498,4929
11428,79245,63.4,16639,1093,1639,5814,3049,2837,1338,869,6620,6719,3443,1877,2907,3473
11429,82062,56.9,23361,2055,2224,7955,4206,3266,2036,1619,8297,9354,4649,2036,5460,3282
11430,-,40.6,101,0,5,46,20,25,5,0,96,0,51,20,10,10
11432,70000,55.7,48249,3909,4946,16099,8528,6671,4450,3646,17499,18745,6993,6011,6704,11590
11433,65457,54.2,23443,2060,2373,8566,3697,2954,2175,1618,7692,9898,4531,3158,4606,2922
11434,71446,56.9,48209,3686,4326,17439,8666,6538,3882,3672,16016,20953,9931,4332,11291,7089
11435,69254,58.7,42555,2628,3700,17335,7644,5995,3214,2039,17124,17550,7972,6473,6964,9565
11436,75253,58.1,13642,1123,1288,4678,2469,2020,1148,916,4932,5523,3088,1404,2829,1846
11451,-,-,0,0,0,0,0,0,0,0,0,0,0,0,0,0
11501,100914,66.4,15676,783,1043,5484,3347,2216,1321,1482,5895,6195,2675,1303,2530,4539
11507,128891,53.1,5845,410,426,1444,1271,1003,611,680,1942,2202,629,82,887,2120
11509,177072,59.7,1802,40,103,317,324,496,330,192,586,654,91,78,222,746
11510,109313,66.8,25872,1687,2120,8639,5086,4444,2079,1817,9724,10565,4117,1053,4718,8281
11514,100115,59.5,4328,341,378,1267,1041,591,299,411,1696,1581,723,142,843,1191
11516,121021,54.1,5221,506,346,1558,1057,685,484,585,1842,1804,418,191,742,1949
11518,108999,63.8,8371,404,579,2476,1933,1378,857,744,3208,3158,1593,218,1628,2348
11520,86379,63.4,34402,2105,2762,12754,6275,4883,3336,2287,13022,13652,6653,4983,6301,5975
11530,188089,56.6,21828,2115,1496,5159,4678,3297,2601,2482,7065,7565,1568,144,2491,8931
11542,92538,58.1,22181,1342,1667,7270,3725,3329,2245,2603,8097,7894,3824,2157,2916,5427
11545,209993,60.8,10139,639,566,2475,2318,2097,1109,935,3613,3843,873,145,1222,4650
11547,128097,52.8,475,30,0,187,127,49,47,35,167,196,19,28,68,248
11548,169058,49.8,2170,680,815,214,76,247,34,104,538,814,69,0,44,424
11549,-,42.3,2567,1066,1384,117,0,0,0,0,526,975,0,0,37,80
11550,72416,60.8,43359,2976,4555,17296,7948,4905,3061,2618,16490,18214,8474,8836,7657,5182
11552,108253,62.2,18143,1486,1621,5360,3631,2893,1519,1633,6630,6875,2773,1002,3089,5020
11553,88007,60.8,21465,2315,2922,7295,3516,2448,1489,1480,8145,8036,3455,3409,3563,2832
11554,110329,56.9,31471,1963,2649,9289,5964,5295,2610,3701,12068,11129,4821,1517,5913,8297
11556,-,-,0,0,0,0,0,0,0,0,0,0,0,0,0,0
11557,149079,62.8,5543,306,366,1360,1167,991,821,532,1862,2022,492,29,713,2284
11558,93806,61,7117,506,443,1924,1538,1373,705,628,2505,2773,1408,347,1518,1562
11559,146047,53.8,5855,538,557,1588,1064,923,505,680,2064,2068,441,204,715,2215
11560,153468,57.8,5315,265,306,1439,1129,1051,594,531,1927,1998,608,188,784,2039
11561,108730,64.3,32476,1860,2125,10770,6406,4931,3300,3084,11981,12251,4201,1065,5902,10939
11563,104798,58.5,18820,1224,879,5702,4121,2888,1515,2491,6315,7275,2907,578,3753,5473
11565,136550,64,7218,375,368,2422,1181,1448,772,652,2663,2756,945,150,1321,2635
11566,145406,64.6,26999,2129,1784,6929,6489,4860,2417,2391,9652,10410,3079,265,4662,10272
11568,274455,53.2,3285,643,673,554,492,521,219,183,1033,1207,155,23,223,1166
11569,153070,68.7,1043,59,34,172,203,182,160,233,243,348,113,0,124,320
11570,155408,61,21228,1506,1601,5527,4414,3711,2284,2185,7527,7726,2057,632,2525,8438
11572,113633,61.1,23850,1419,1746,6401,4944,4648,2229,2463,8760,8979,3595,808,4009,7581
11575,77461,64.2,12378,855,1133,5090,2181,1473,983,663,4635,5242,2742,1975,2401,1626
11576,218913,59.6,9385,543,400,2075,1898,2102,1175,1192,3086,3389,380,112,599,4984
11577,162363,58.5,9818,718,476,2761,2127,1705,863,1168,3427,3642,710,278,1112,4493
11579,123062,66.8,4227,272,352,1106,871,862,461,303,1574,1617,233,103,641,1862
11580,105237,62.3,32278,2188,2442,11200,6134,5116,2414,2784,11859,13033,5579,1837,6668,8366
11581,111093,60,16356,1112,1397,5297,3085,2404,1375,1686,6233,5950,2524,444,2938,4880
11590,105291,62.6,35588,2051,3033,12630,5994,5332,3278,3270,13587,13402,6232,3732,5995,7997
11596,142088,61.6,8378,540,562,2123,1772,1633,933,815,2990,3100,837,144,1231,3316
11598,175632,59.8,10188,953,768,2256,2174,1989,894,1154,3552,3635,683,273,1171,4292
11691,64823,50.4,44693,3677,5174,15583,6852,5457,4116,3834,14757,18309,7967,6751,7087,6087
11692,56726,49,12756,954,1037,4331,2702,1792,1034,906,4678,5184,2953,1868,2431,1573
11693,64337,49.6,9066,646,700,2972,2022,1302,955,469,3156,3840,1919,1277,1650,1450
11694,91238,56,17425,1018,880,4977,3522,3260,1958,1810,6098,6541,2471,1176,3348,4764
11697,96169,47.1,3445,172,151,753,535,806,441,587,1104,1141,454,38,521,1081